MD,Interval__unidentified,Drilling_hour__unidentified,Drilling_time__unidentified,ROP,WOB,BIT_RPM,TORQUE,Si,Shale,Dolomite,Limestone,BIT_DIAMETER
m,m,h,min,m/h,klbs,rpm,kLbf.ft,%,%,%,%,in
5311.4,0.41,0.2,5.6,1.99,0.00332325,273.065,4.44012324,51.18901969,18.35180089,3.693264843,24.5293876,8.5
5311.6,0.6,0.3,5.8,1.99,0.0028035,273.065,4.4106207600000005,51.18901969,18.35180089,3.693264843,24.5293876,8.5
5311.8,0.8,0.4,4.5,2.12,0.0022275,273.065,4.44012324,51.18901969,18.35180089,3.693264843,24.5293876,8.5
5312.0,1.0,0.4,4.0,2.26,0.00310725,270.065,4.4843769600000005,53.24393211,17.73741358,4.039583596,22.8118297,8.5
5312.2,1.2,0.5,5.0,2.28,0.00440775,268.065,4.565508780000001,53.24393211,17.73741358,4.039583596,22.8118297,8.5
5312.4,1.4,0.6,5.2,2.29,0.00441675,268.065,4.565508780000001,53.24393211,17.73741358,4.039583596,22.8118297,8.5
5312.6,1.6,0.7,4.3,2.34,0.00422325,268.065,4.62451374,53.24393211,17.73741358,4.039583596,22.8118297,8.5
5312.8,1.8,0.8,4.6,2.37,0.004491,268.065,4.6835187000000005,53.24393211,17.73741358,4.039583596,22.8118297,8.5
5313.0,2.0,0.8,4.3,2.41,0.0042975,268.065,4.690894320000001,62.86031309,30.84837209,0.276234214,6.015080606,8.5
5313.2,2.2,0.9,3.6,2.47,0.0046619999999999995,268.208,4.7203968000000005,62.86031309,30.84837209,0.276234214,6.015080606,8.5
5313.4,2.4,1.0,4.0,2.51,0.004891499999999999,268.065,4.89003606,62.86031309,30.84837209,0.276234214,6.015080606,8.5
5313.6,2.6,1.0,4.1,2.53,0.0043402499999999995,268.065,4.76465052,62.86031309,30.84837209,0.276234214,6.015080606,8.5
5313.8,2.8,1.1,3.8,2.57,0.004657499999999999,268.065,4.749899280000001,62.86031309,30.84837209,0.276234214,6.015080606,8.5
5314.0,3.0,1.1,3.0,2.63,0.0043335000000000005,268.208,4.779401760000001,67.29792241,26.89711671,0.199534287,5.605426594,8.5
5314.2,3.2,1.2,4.0,2.65,0.00490275,267.065,4.904787300000001,67.29792241,26.89711671,0.199534287,5.605426594,8.5
5314.4,3.4,1.3,3.8,2.68,0.00435825,268.065,4.816279860000001,67.29792241,26.89711671,0.199534287,5.605426594,8.5
5314.6,3.6,1.3,4.8,2.67,0.00413325,268.065,4.668767460000001,67.29792241,26.89711671,0.199534287,5.605426594,8.5
5314.8,3.8,1.4,4.4,2.67,0.00401625,268.065,4.61713812,67.29792241,26.89711671,0.199534287,5.605426594,8.5
5315.0,4.0,1.5,3.6,2.7,0.0046619999999999995,268.065,4.80890424,66.87286148,24.30324084,0.186007292,8.637890389,8.5
5315.2,4.2,1.5,3.2,2.73,0.004311,265.065,4.668767460000001,66.87286148,24.30324084,0.186007292,8.637890389,8.5
5315.4,4.4,1.6,4.2,2.74,0.004464,263.065,4.65401622,66.87286148,24.30324084,0.186007292,8.637890389,8.5
5315.6,4.6,1.7,3.0,2.78,0.00411075,263.065,4.668767460000001,66.87286148,24.30324084,0.186007292,8.637890389,8.5
5315.8,4.8,1.7,3.4,2.8,0.0045899999999999995,263.065,4.60238688,66.87286148,24.30324084,0.186007292,8.637890389,8.5
5316.0,5.0,1.8,5.3,2.78,0.004529249999999999,263.065,4.52863068,68.27759421,24.18342583,0.193131691,7.345848277,8.5
5316.2,5.2,1.9,5.4,2.75,0.0069615,180.418,3.7173124800000004,68.27759421,24.18342583,0.193131691,7.345848277,8.5
5316.4,5.4,2.0,4.0,2.76,0.00475875,267.065,4.46962572,68.27759421,24.18342583,0.193131691,7.345848277,8.5
5316.8,5.8,2.1,4.6,2.82,0.007011,267.065,4.76465052,68.27759421,24.18342583,0.193131691,7.345848277,8.5
5317.0,6.0,2.1,4.0,2.82,0.006372,267.065,4.6097625,75.31775705,18.67023467,0.025281197,5.986727088,8.5
5317.2,6.2,2.2,3.1,2.85,0.00682875,267.065,4.6097625,75.31775705,18.67023467,0.025281197,5.986727088,8.5
5317.4,6.4,2.2,3.5,2.86,0.00766575,267.065,4.71302118,75.31775705,18.67023467,0.025281197,5.986727088,8.5
5317.6,6.6,2.3,4.1,2.86,0.0072517499999999995,267.065,4.63926498,75.31775705,18.67023467,0.025281197,5.986727088,8.5
5317.8,6.8,2.4,4.3,2.86,0.00793575,267.065,4.74252366,75.31775705,18.67023467,0.025281197,5.986727088,8.5
5318.0,7.0,2.5,4.7,2.85,0.006723,267.065,4.6097625,72.39004652,21.78288014,0.008687188,5.818386154,8.5
5318.2,7.2,2.5,3.2,2.87,0.00615825,268.065,4.52863068,72.39004652,21.78288014,0.008687188,5.818386154,8.5
5318.4,7.4,2.6,4.7,2.86,0.0076005,268.065,4.58026002,72.39004652,21.78288014,0.008687188,5.818386154,8.5
5318.6,7.6,2.7,6.6,2.82,0.00712575,268.065,4.4622501,72.39004652,21.78288014,0.008687188,5.818386154,8.5
5318.8,7.8,2.7,2.9,2.84,0.007551,268.065,4.47700134,72.39004652,21.78288014,0.008687188,5.818386154,8.5
5319.0,8.0,2.8,4.5,2.84,0.00804375,267.065,4.705645560000001,68.90759277,24.84643764,0.184008481,6.061961106,8.5
5319.2,8.2,2.9,4.6,2.83,0.0069187499999999996,267.065,4.61713812,68.90759277,24.84643764,0.184008481,6.061961106,8.5
5319.4,8.4,2.9,3.2,2.85,0.007220250000000001,267.065,4.63926498,68.90759277,24.84643764,0.184008481,6.061961106,8.5
5319.6,8.6,3.0,4.0,2.85,0.007542,268.065,4.6466406000000005,68.90759277,24.84643764,0.184008481,6.061961106,8.5
5319.8,8.8,3.1,3.2,2.87,0.0080685,267.065,4.65401622,68.90759277,24.84643764,0.184008481,6.061961106,8.5
5320.0,9.0,3.2,5.1,2.86,0.008192249999999998,267.065,4.690894320000001,65.52869612,25.43286572,0.09192924,8.946508916,8.5
5320.2,9.2,3.3,6.4,2.82,0.00721575,268.065,4.4474988600000005,65.52869612,25.43286572,0.09192924,8.946508916,8.5
5320.4,9.4,3.4,7.5,2.78,0.0032332499999999996,186.58,2.5962182400000002,65.52869612,25.43286572,0.09192924,8.946508916,8.5
5320.6,9.6,3.5,4.5,2.78,0.0051389999999999995,268.065,4.43274762,65.52869612,25.43286572,0.09192924,8.946508916,8.5
5320.8,9.8,3.5,4.6,2.77,0.006875999999999999,267.065,4.61713812,65.52869612,25.43286572,0.09192924,8.946508916,8.5
5321.0,10.0,3.6,3.5,2.78,0.00811575,268.065,4.727772420000001,64.87695484,24.09410179,0.205652715,10.82329065,8.5
5321.2,10.2,3.7,4.8,2.78,0.00801675,268.065,4.94904102,64.87695484,24.09410179,0.205652715,10.82329065,8.5
5321.4,10.4,3.7,3.5,2.79,0.0071460000000000004,268.065,4.8679092,64.87695484,24.09410179,0.205652715,10.82329065,8.5
5321.6,10.6,3.8,3.8,2.79,0.0081765,268.065,4.83840672,64.87695484,24.09410179,0.205652715,10.82329065,8.5
5321.8,10.8,3.9,4.3,2.79,0.007929,268.065,4.73514804,64.87695484,24.09410179,0.205652715,10.82329065,8.5
5322.0,11.0,3.9,4.1,2.8,0.007982999999999999,268.065,4.80152862,66.45557341,26.64365137,0.193756819,6.707018395,8.5
5322.2,11.2,4.0,4.8,2.79,0.007508249999999999,268.065,4.80152862,66.45557341,26.64365137,0.193756819,6.707018395,8.5
5322.4,11.4,4.1,4.3,2.79,0.00808875,267.922,4.9195385400000005,66.45557341,26.64365137,0.193756819,6.707018395,8.5
5322.6,11.6,4.1,2.7,2.81,0.00764325,268.065,4.875284820000001,66.45557341,26.64365137,0.193756819,6.707018395,8.5
5322.8,11.8,4.2,5.5,2.8,0.00812025,268.065,4.779401760000001,66.45557341,26.64365137,0.193756819,6.707018395,8.5
5323.0,12.0,4.3,4.3,2.8,0.008163,268.065,4.82365548,67.63789744,24.48891354,0.15043269,7.722756326,8.5
5323.2,12.2,4.4,4.8,2.79,0.008192249999999998,268.065,4.84578234,67.63789744,24.48891354,0.15043269,7.722756326,8.5
5323.4,12.4,4.4,4.0,2.79,0.00837225,268.065,4.89741168,67.63789744,24.48891354,0.15043269,7.722756326,8.5
5323.6,12.6,4.5,4.5,2.79,0.008073,268.065,4.84578234,67.63789744,24.48891354,0.15043269,7.722756326,8.5
5323.8,12.8,4.6,4.1,2.79,0.008401500000000001,268.065,4.89003606,67.63789744,24.48891354,0.15043269,7.722756326,8.5
5324.0,13.0,4.6,2.9,2.81,0.007661249999999999,268.065,4.80152862,68.35209058,23.13806892,0.058157318,8.451683181,8.5
5324.2,13.2,4.7,5.2,2.8,0.008442,268.065,4.82365548,68.35209058,23.13806892,0.058157318,8.451683181,8.5
5324.4,13.4,4.8,4.0,2.8,0.008293499999999999,268.065,4.82365548,68.35209058,23.13806892,0.058157318,8.451683181,8.5
5324.6,13.6,4.9,4.3,2.8,0.008073,268.065,4.7941530000000006,68.35209058,23.13806892,0.058157318,8.451683181,8.5
5324.8,13.8,4.9,4.7,2.8,0.0085455,268.065,4.84578234,68.35209058,23.13806892,0.058157318,8.451683181,8.5
5325.0,14.0,5.0,3.9,2.8,0.007973999999999998,268.065,4.904787300000001,64.2449772,27.37357263,0.157891984,8.223558183,8.5
5325.2,14.2,5.1,3.4,2.81,0.008111249999999999,268.065,4.86053358,64.2449772,27.37357263,0.157891984,8.223558183,8.5
5325.4,14.4,5.1,4.9,2.8,0.008226,267.922,4.82365548,64.2449772,27.37357263,0.157891984,8.223558183,8.5
5325.6,14.6,5.2,6.7,2.78,0.005031,268.065,4.2114790200000005,64.2449772,27.37357263,0.157891984,8.223558183,8.5
5325.8,14.8,5.4,7.1,2.76,0.00597825,268.065,4.58026002,64.2449772,27.37357263,0.157891984,8.223558183,8.5
5326.0,15.0,5.5,7.5,2.73,0.00611775,268.065,4.43274762,63.71100033,29.65459152,0.173883261,6.460524895,8.5
5326.2,15.2,5.6,5.5,2.72,0.0049770000000000005,268.065,4.381118280000001,63.71100033,29.65459152,0.173883261,6.460524895,8.5
5326.4,15.4,5.6,3.6,2.73,0.006115499999999999,268.065,4.543381920000001,63.71100033,29.65459152,0.173883261,6.460524895,8.5
5326.6,15.6,5.7,5.1,2.72,0.00645975,268.065,4.595011260000001,63.71100033,29.65459152,0.173883261,6.460524895,8.5
5326.8,15.8,5.8,6.0,2.71,0.00681075,268.065,4.52863068,63.71100033,29.65459152,0.173883261,6.460524895,8.5
5327.0,16.0,5.9,5.4,2.7,0.0064125,268.065,4.543381920000001,65.68403039,24.85788215,0.034148508,9.423938957,8.5
5327.2,16.2,6.0,5.0,2.7,0.006768,268.065,4.60238688,65.68403039,24.85788215,0.034148508,9.423938957,8.5
5327.4,16.4,6.1,5.2,2.69,0.0065835,268.065,4.5728844,65.68403039,24.85788215,0.034148508,9.423938957,8.5
5327.6,16.6,6.2,6.5,2.68,0.006489,268.065,4.49175258,65.68403039,24.85788215,0.034148508,9.423938957,8.5
5327.8,16.8,6.3,5.2,2.67,0.0065295,268.065,4.49175258,65.68403039,24.85788215,0.034148508,9.423938957,8.5
5328.0,17.0,6.4,5.9,2.66,0.006614999999999999,268.065,4.6097625,65.11502557,23.87913926,0.142154524,10.86368065,8.5
5328.2,17.2,6.5,7.5,2.64,0.00666,268.065,4.4843769600000005,65.11502557,23.87913926,0.142154524,10.86368065,8.5
5328.4,17.4,6.6,5.8,2.64,0.0066195,268.065,4.47700134,65.11502557,23.87913926,0.142154524,10.86368065,8.5
5328.6,17.6,6.7,3.1,2.65,0.007548749999999999,268.065,4.61713812,65.11502557,23.87913926,0.142154524,10.86368065,8.5
5328.8,17.8,6.7,5.0,2.64,0.0081315,268.065,4.6835187000000005,65.11502557,23.87913926,0.142154524,10.86368065,8.5
5329.0,18.0,6.8,5.7,2.63,0.00837,268.065,4.73514804,69.37834212,20.84268939,0.245798026,9.533170467,8.5
5329.2,18.2,6.9,4.7,2.63,0.008367749999999998,268.065,4.705645560000001,69.37834212,20.84268939,0.245798026,9.533170467,8.5
5329.4,18.4,7.0,4.6,2.63,0.0082755,268.065,4.7572749000000005,69.37834212,20.84268939,0.245798026,9.533170467,8.5
5329.6,18.6,7.1,4.9,2.63,0.008376749999999999,268.065,4.749899280000001,69.37834212,20.84268939,0.245798026,9.533170467,8.5
5329.8,18.8,7.2,5.5,2.63,0.00829575,268.065,4.66139184,69.37834212,20.84268939,0.245798026,9.533170467,8.5
5330.0,19.0,7.2,4.5,2.63,0.0081,268.065,4.668767460000001,68.44215506,20.69052131,0.201461949,10.66586168,8.5
5330.2,19.2,7.3,4.0,2.63,0.008739,268.065,4.76465052,68.44215506,20.69052131,0.201461949,10.66586168,8.5
5330.4,19.4,7.4,6.7,2.62,0.0063135,268.065,4.292610840000001,68.44215506,20.69052131,0.201461949,10.66586168,8.5
5330.6,19.6,7.5,5.6,2.61,0.008136,267.065,4.49175258,68.44215506,20.69052131,0.201461949,10.66586168,8.5
5330.8,19.8,7.6,2.8,2.62,0.009216,268.065,4.74252366,68.44215506,20.69052131,0.201461949,10.66586168,8.5
5331.0,20.0,7.6,4.5,2.62,0.0100125,268.065,4.853157960000001,63.63823341,27.85565438,0.073639925,8.432472293,8.5
5331.2,20.2,7.7,5.5,2.62,0.0108765,267.922,4.816279860000001,63.63823341,27.85565438,0.073639925,8.432472293,8.5
5331.4,20.4,7.8,7.1,2.6,0.0102105,268.065,4.80152862,63.63823341,27.85565438,0.073639925,8.432472293,8.5
5331.6,20.6,7.9,6.0,2.6,0.007760250000000001,268.065,4.595011260000001,63.63823341,27.85565438,0.073639925,8.432472293,8.5
5331.8,20.8,8.0,4.0,2.6,0.00803475,268.065,4.69826994,63.63823341,27.85565438,0.073639925,8.432472293,8.5
5332.0,21.0,8.1,3.8,2.6,0.00896175,268.065,4.7572749000000005,65.21310275,24.87733594,0.202747502,9.706813812,8.5
5332.2,21.2,8.1,4.7,2.6,0.0085815,268.065,4.93428978,65.21310275,24.87733594,0.202747502,9.706813812,8.5
5332.4,21.4,8.2,2.9,2.61,0.007982999999999999,268.065,4.875284820000001,65.21310275,24.87733594,0.202747502,9.706813812,8.5
5332.6,21.6,8.2,3.3,2.62,0.008442,268.065,4.84578234,65.21310275,24.87733594,0.202747502,9.706813812,8.5
5332.8,21.8,8.3,4.4,2.62,0.00912825,268.065,4.80152862,65.21310275,24.87733594,0.202747502,9.706813812,8.5
5333.0,22.0,8.4,5.3,2.62,0.00879075,268.065,4.62451374,65.85239235,26.27280003,0.117977454,7.756830169,8.5
5333.2,22.2,8.5,3.7,2.62,0.00931725,268.065,4.69826994,65.85239235,26.27280003,0.117977454,7.756830169,8.5
5333.4,22.4,8.6,5.7,2.62,0.0095715,268.065,4.853157960000001,65.85239235,26.27280003,0.117977454,7.756830169,8.5
5333.6,22.6,8.6,4.2,2.62,0.009225,268.065,4.816279860000001,65.85239235,26.27280003,0.117977454,7.756830169,8.5
5333.8,22.8,8.7,5.0,2.62,0.008761499999999998,268.065,4.80152862,65.85239235,26.27280003,0.117977454,7.756830169,8.5
5334.0,23.0,8.8,3.1,2.62,0.008264249999999999,267.922,4.84578234,69.62017982,23.13717475,0.206489756,7.036155678,8.5
5334.2,23.2,8.8,3.8,2.63,0.00988875,267.922,4.904787300000001,69.62017982,23.13717475,0.206489756,7.036155678,8.5
5334.4,23.4,8.9,4.6,2.63,0.009423,267.922,4.83840672,69.62017982,23.13717475,0.206489756,7.036155678,8.5
5334.6,23.6,9.0,4.9,2.62,0.009596249999999999,267.922,4.89741168,69.62017982,23.13717475,0.206489756,7.036155678,8.5
5334.8,23.8,9.0,3.3,2.63,0.0094995,268.065,4.875284820000001,69.62017982,23.13717475,0.206489756,7.036155678,8.5
5335.0,24.0,9.1,4.6,2.63,0.009792,267.922,4.86053358,71.59121686,21.89989637,0.169205128,6.33968164,8.5
5335.2,24.2,9.2,5.3,2.63,0.01188225,267.922,4.83840672,71.59121686,21.89989637,0.169205128,6.33968164,8.5
5335.4,24.4,9.3,6.2,2.62,0.0106965,267.922,4.853157960000001,71.59121686,21.89989637,0.169205128,6.33968164,8.5
5335.6,24.6,9.4,2.5,2.63,0.00873675,268.065,4.89741168,71.59121686,21.89989637,0.169205128,6.33968164,8.5
5335.8,24.8,9.4,2.4,2.64,0.01062225,268.065,5.0154216,71.59121686,21.89989637,0.169205128,6.33968164,8.5
5336.0,25.0,9.5,4.9,2.64,0.01071225,267.922,5.02279722,65.10850877,28.26067032,0.126969722,6.503851188,8.5
5336.2,25.2,9.5,3.8,2.64,0.01021275,267.922,4.89003606,65.10850877,28.26067032,0.126969722,6.503851188,8.5
5336.4,25.4,9.6,4.3,2.64,0.010404,267.922,4.82365548,65.10850877,28.26067032,0.126969722,6.503851188,8.5
5336.6,25.6,9.7,4.3,2.64,0.01092825,267.922,4.89741168,65.10850877,28.26067032,0.126969722,6.503851188,8.5
5336.8,25.82,9.8,3.6,2.65,0.01078425,267.922,4.76465052,65.10850877,28.26067032,0.126969722,6.503851188,8.5
5337.0,26.0,9.8,4.7,2.64,0.01087875,267.922,4.80152862,62.28073927,26.81948098,0.243756898,10.65602286,8.5
5337.2,26.2,9.9,5.9,2.64,0.0108765,267.922,4.74252366,62.28073927,26.81948098,0.243756898,10.65602286,8.5
5337.4,26.4,10.0,2.8,2.65,0.011108249999999998,267.922,4.83840672,62.28073927,26.81948098,0.243756898,10.65602286,8.5
5337.6,26.6,10.0,4.5,2.65,0.011574,267.922,4.89003606,62.28073927,26.81948098,0.243756898,10.65602286,8.5
5337.8,26.8,10.2,6.4,2.64,0.01082925,268.065,4.816279860000001,62.28073927,26.81948098,0.243756898,10.65602286,8.5
5338.0,27.0,10.2,4.0,2.64,0.01033425,267.922,4.89003606,65.91311986,28.08832835,0.099327146,5.899224643,8.5
5338.2,27.2,10.3,3.4,2.65,0.010457999999999999,267.922,4.7572749000000005,65.91311986,28.08832835,0.099327146,5.899224643,8.5
5338.4,27.41,10.3,3.2,2.65,0.01138275,267.922,4.83840672,65.91311986,28.08832835,0.099327146,5.899224643,8.5
5338.6,27.6,10.4,5.1,2.65,0.01070325,267.922,4.89003606,65.91311986,28.08832835,0.099327146,5.899224643,8.5
5338.8,27.8,10.5,4.0,2.65,0.0103725,267.922,4.92691416,65.91311986,28.08832835,0.099327146,5.899224643,8.5
5339.0,28.0,10.5,3.6,2.65,0.011123999999999998,268.065,4.92691416,71.86010055,23.13258036,0.098648991,4.908670107,8.5
5339.2,28.2,10.6,4.1,2.66,0.011821499999999999,268.065,4.875284820000001,71.86010055,23.13258036,0.098648991,4.908670107,8.5
5339.4,28.4,10.7,6.6,2.65,0.011020499999999999,268.065,4.92691416,71.86010055,23.13258036,0.098648991,4.908670107,8.5
5339.6,28.6,10.8,4.1,2.65,0.009819,267.922,4.816279860000001,71.86010055,23.13258036,0.098648991,4.908670107,8.5
5339.8,28.8,10.9,3.6,2.65,0.01035,268.065,4.853157960000001,71.86010055,23.13258036,0.098648991,4.908670107,8.5
5340.2,29.2,11.1,5.9,2.63,0.007218,268.065,4.705645560000001,69.12914499,26.16800595,0.22862838,4.47422068,8.5
5340.4,29.4,11.2,6.3,2.62,0.007080749999999999,268.065,4.58026002,69.12914499,26.16800595,0.22862838,4.47422068,8.5
5340.6,29.6,11.3,8.3,2.61,0.007163999999999999,267.922,4.63926498,69.12914499,26.16800595,0.22862838,4.47422068,8.5
5340.8,29.8,11.4,3.1,2.62,0.00902025,267.922,4.73514804,69.12914499,26.16800595,0.22862838,4.47422068,8.5
5341.0,30.0,11.5,4.8,2.61,0.010476000000000001,267.922,5.0301728400000005,61.36498933,24.9315612,0.090808948,13.61264053,8.5
5341.2,30.2,11.5,4.2,2.62,0.010271249999999999,267.922,5.0301728400000005,61.36498933,24.9315612,0.090808948,13.61264053,8.5
5341.4,30.4,11.7,6.7,2.61,0.010905749999999999,267.922,4.89741168,61.36498933,24.9315612,0.090808948,13.61264053,8.5
5341.6,30.6,11.7,3.6,2.61,0.0100935,267.922,4.98591912,61.36498933,24.9315612,0.090808948,13.61264053,8.5
5341.8,30.8,11.8,5.8,2.61,0.01120725,267.922,4.9195385400000005,61.36498933,24.9315612,0.090808948,13.61264053,8.5
5342.0,31.0,11.9,5.7,2.6,0.010773,267.922,4.89003606,61.04242872,30.11522003,0.151625061,8.69072619,8.5
5342.2,31.2,12.0,4.7,2.6,0.0106605,267.922,4.978543500000001,61.04242872,30.11522003,0.151625061,8.69072619,8.5
5342.4,31.4,12.1,6.4,2.6,0.0110565,267.922,5.05967532,61.04242872,30.11522003,0.151625061,8.69072619,8.5
5342.6,31.6,12.2,4.7,2.6,0.01035675,267.922,5.0522997,61.04242872,30.11522003,0.151625061,8.69072619,8.5
5342.8,31.8,12.2,4.5,2.6,0.01069875,267.922,5.04492408,61.04242872,30.11522003,0.151625061,8.69072619,8.5
5343.0,32.0,12.3,4.2,2.6,0.010507500000000001,267.922,4.97116788,66.38655921,27.15564394,0.234744215,6.223052632,8.5
5343.2,32.2,12.4,4.3,2.6,0.01042875,267.922,4.88266044,66.38655921,27.15564394,0.234744215,6.223052632,8.5
5343.4,32.4,12.5,6.4,2.59,0.010770749999999999,267.922,4.904787300000001,66.38655921,27.15564394,0.234744215,6.223052632,8.5
5343.6,32.6,12.6,5.9,2.59,0.0107955,267.922,4.8679092,66.38655921,27.15564394,0.234744215,6.223052632,8.5
5343.8,32.8,12.7,4.9,2.59,0.011020499999999999,267.922,4.978543500000001,66.38655921,27.15564394,0.234744215,6.223052632,8.5
5344.0,33.0,12.8,5.6,2.59,0.011016,267.922,4.9195385400000005,69.15995063,26.99641836,0.174170345,3.669460672,8.5
5344.2,33.2,12.9,5.5,2.58,0.01117575,267.922,4.8679092,69.15995063,26.99641836,0.174170345,3.669460672,8.5
5344.4,33.4,13.0,5.6,2.58,0.01127475,267.922,4.98591912,69.15995063,26.99641836,0.174170345,3.669460672,8.5
5344.6,33.6,13.0,4.4,2.58,0.010655999999999999,267.922,5.08180218,69.15995063,26.99641836,0.174170345,3.669460672,8.5
5344.8,33.8,13.1,4.3,2.58,0.010431,267.922,5.11868028,69.15995063,26.99641836,0.174170345,3.669460672,8.5
5345.0,34.0,13.2,4.3,2.58,0.01056375,267.922,4.978543500000001,64.00491605,28.49378246,0.199600063,7.301701426,8.5
5345.2,34.2,13.3,5.9,2.58,0.011106,268.065,4.904787300000001,64.00491605,28.49378246,0.199600063,7.301701426,8.5
5345.4,34.4,13.3,4.0,2.58,0.01104075,267.922,5.11130466,64.00491605,28.49378246,0.199600063,7.301701426,8.5
5345.6,34.6,13.4,4.8,2.58,0.010421999999999999,267.922,5.03754846,64.00491605,28.49378246,0.199600063,7.301701426,8.5
5345.8,34.8,13.5,3.5,2.58,0.0115155,267.922,4.978543500000001,64.00491605,28.49378246,0.199600063,7.301701426,8.5
5346.0,35.0,13.6,6.8,2.58,0.01165275,267.922,4.9195385400000005,70.99759055,23.93507956,0.194954538,4.872375352,8.5
5346.2,35.2,13.7,6.0,2.57,0.010476000000000001,267.922,4.978543500000001,70.99759055,23.93507956,0.194954538,4.872375352,8.5
5346.4,35.4,13.7,3.8,2.58,0.009830249999999999,267.922,4.853157960000001,70.99759055,23.93507956,0.194954538,4.872375352,8.5
5346.6,35.6,13.8,2.5,2.58,0.011229749999999998,268.065,4.89003606,70.99759055,23.93507956,0.194954538,4.872375352,8.5
5346.8,35.8,13.9,7.8,2.57,0.012176999999999999,267.922,5.09655342,70.99759055,23.93507956,0.194954538,4.872375352,8.5
5347.0,36.0,14.0,3.4,2.58,0.009724499999999999,267.922,4.94904102,71.77497307,23.10073693,0.244678296,4.879611704,8.5
5347.2,36.2,14.0,2.5,2.58,0.011835,266.922,5.140807140000001,71.77497307,23.10073693,0.244678296,4.879611704,8.5
5347.4,36.4,14.1,8.1,2.57,0.01242225,267.922,4.89741168,71.77497307,23.10073693,0.244678296,4.879611704,8.5
5347.6,36.6,14.3,6.1,2.57,0.012039749999999998,265.922,5.089177800000001,71.77497307,23.10073693,0.244678296,4.879611704,8.5
5347.8,36.8,14.3,4.5,2.57,0.00945675,267.922,4.80890424,71.77497307,23.10073693,0.244678296,4.879611704,8.5
5348.0,37.0,14.4,4.9,2.57,0.00955575,267.922,4.875284820000001,75.25280456,15.46630163,0.201002525,9.079891282,8.5
5348.2,37.2,14.5,4.7,2.57,0.008154,267.922,4.74252366,75.25280456,15.46630163,0.201002525,9.079891282,8.5
5348.4,37.4,14.5,2.3,2.57,0.01054575,267.922,4.80152862,75.25280456,15.46630163,0.201002525,9.079891282,8.5
5348.6,37.6,14.7,8.0,2.57,0.013085999999999999,267.922,4.963792260000001,75.25280456,15.46630163,0.201002525,9.079891282,8.5
5348.8,37.8,14.7,5.1,2.56,0.011549249999999999,267.922,4.80890424,75.25280456,15.46630163,0.201002525,9.079891282,8.5
5349.0,38.0,14.8,6.0,2.56,0.01024875,267.922,4.83840672,71.70154838,19.79171282,0.156583525,8.350155278,8.5
5349.2,38.2,14.9,4.3,2.56,0.01107225,267.922,4.7941530000000006,71.70154838,19.79171282,0.156583525,8.350155278,8.5
5349.4,38.4,15.0,5.4,2.56,0.0122445,266.922,5.140807140000001,71.70154838,19.79171282,0.156583525,8.350155278,8.5
5349.6,38.6,15.1,5.5,2.56,0.009711,266.922,4.978543500000001,71.70154838,19.79171282,0.156583525,8.350155278,8.5
5349.8,38.8,15.2,3.6,2.56,0.01162125,267.922,4.69826994,71.70154838,19.79171282,0.156583525,8.350155278,8.5
5350.0,39.0,15.3,6.1,2.56,0.01340325,267.922,5.03754846,74.69826345,20.17631624,0.225576939,4.899843368,8.5
5350.2,39.2,15.3,5.7,2.55,0.010399499999999999,267.922,4.963792260000001,74.69826345,20.17631624,0.225576939,4.899843368,8.5
5350.4,39.4,15.4,3.5,2.56,0.010739249999999999,267.922,5.03754846,74.69826345,20.17631624,0.225576939,4.899843368,8.5
5350.6,39.6,15.5,4.9,2.56,0.01101825,267.922,4.779401760000001,74.69826345,20.17631624,0.225576939,4.899843368,8.5
5350.8,39.8,15.6,4.9,2.56,0.0128925,267.922,4.83840672,74.69826345,20.17631624,0.225576939,4.899843368,8.5
5351.2,40.2,15.8,7.0,2.54,0.0114345,267.922,4.82365548,63.48707561,30.70731102,0.084224629,5.721388745,8.5
5351.4,40.4,15.9,4.4,2.54,0.010863,267.922,4.963792260000001,63.48707561,30.70731102,0.084224629,5.721388745,8.5
5351.6,40.6,16.0,4.2,2.54,0.0113355,267.922,4.82365548,63.48707561,30.70731102,0.084224629,5.721388745,8.5
5351.8,40.8,16.1,5.7,2.54,0.011151,267.922,5.04492408,63.48707561,30.70731102,0.084224629,5.721388745,8.5
5352.0,41.0,16.1,4.7,2.54,0.0112545,267.922,4.904787300000001,61.48230923,28.80806982,0.032445605,9.677175339,8.5
5352.2,41.2,16.2,3.9,2.54,0.011205,267.922,4.73514804,61.48230923,28.80806982,0.032445605,9.677175339,8.5
5352.4,41.4,16.3,5.7,2.54,0.011556,267.922,4.73514804,61.48230923,28.80806982,0.032445605,9.677175339,8.5
5352.6,41.6,16.4,7.9,2.53,0.011436749999999999,268.065,4.705645560000001,61.48230923,28.80806982,0.032445605,9.677175339,8.5
5352.8,41.8,16.5,5.5,2.53,0.01138275,267.922,4.7203968000000005,61.48230923,28.80806982,0.032445605,9.677175339,8.5
5353.0,42.0,16.7,7.6,2.52,0.01116225,268.065,4.66139184,67.46664448,24.73664901,0.153190442,7.643516072,8.5
5353.2,42.2,16.8,6.3,2.52,0.01109025,268.065,4.62451374,67.46664448,24.73664901,0.153190442,7.643516072,8.5
5353.4,42.4,16.8,5.0,2.52,0.011735999999999998,267.922,4.80890424,67.46664448,24.73664901,0.153190442,7.643516072,8.5
5353.6,42.6,16.9,5.7,2.51,0.0116055,267.922,4.779401760000001,67.46664448,24.73664901,0.153190442,7.643516072,8.5
5353.8,42.8,17.0,5.4,2.51,0.004540499999999999,208.306,3.2526484200000003,67.46664448,24.73664901,0.153190442,7.643516072,8.5
5354.0,43.0,17.1,5.1,2.51,0.011155499999999999,267.922,4.816279860000001,65.48339653,25.7249789,0.201626349,8.589998216,8.5
5354.2,43.2,17.2,4.1,2.51,0.01084275,268.065,4.80152862,65.48339653,25.7249789,0.201626349,8.589998216,8.5
5354.4,43.4,17.3,5.3,2.51,0.0116595,267.922,4.77202614,65.48339653,25.7249789,0.201626349,8.589998216,8.5
5354.6,43.6,17.4,6.1,2.51,0.01196325,267.922,4.67614308,65.48339653,25.7249789,0.201626349,8.589998216,8.5
5354.8,43.8,17.5,7.0,2.5,0.01172025,267.922,4.749899280000001,65.48339653,25.7249789,0.201626349,8.589998216,8.5
5355.0,44.0,17.6,6.3,2.5,0.010554749999999998,267.922,4.6466406000000005,71.09663518,22.66312167,0.103620147,6.136623005,8.5
5355.2,44.2,17.7,4.8,2.5,0.01123875,268.065,4.58026002,71.09663518,22.66312167,0.103620147,6.136623005,8.5
5355.4,44.4,17.8,4.8,2.5,0.012624749999999999,267.922,4.779401760000001,71.09663518,22.66312167,0.103620147,6.136623005,8.5
5355.6,44.6,17.8,5.6,2.5,0.013236749999999999,267.922,4.80890424,71.09663518,22.66312167,0.103620147,6.136623005,8.5
5355.8,44.8,18.0,6.8,2.49,0.0121275,267.922,4.779401760000001,71.09663518,22.66312167,0.103620147,6.136623005,8.5
5356.0,45.0,18.0,5.2,2.49,0.011052,267.922,4.816279860000001,73.15199206,20.9392757,0.053298864,5.855433379,8.5
5356.2,45.2,18.1,5.3,2.49,0.0108585,267.922,4.779401760000001,73.15199206,20.9392757,0.053298864,5.855433379,8.5
5356.4,45.4,18.2,3.2,2.5,0.0115785,267.922,4.93428978,73.15199206,20.9392757,0.053298864,5.855433379,8.5
5356.6,45.6,18.3,4.0,2.5,0.012620250000000001,267.922,4.93428978,73.15199206,20.9392757,0.053298864,5.855433379,8.5
5356.8,45.8,18.3,5.6,2.5,0.01292175,267.922,4.71302118,73.15199206,20.9392757,0.053298864,5.855433379,8.5
5357.2,46.2,18.6,4.2,2.49,0.0118755,267.922,4.86053358,72.66876596,22.32442873,0.146156614,4.860648699,8.5
5357.4,46.4,18.6,3.9,2.49,0.01164375,267.922,4.83840672,72.66876596,22.32442873,0.146156614,4.860648699,8.5
5357.6,46.6,18.7,3.3,2.49,0.01252125,268.065,4.831031100000001,72.66876596,22.32442873,0.146156614,4.860648699,8.5
5357.8,46.8,18.8,5.1,2.49,0.01374975,267.922,4.73514804,72.66876596,22.32442873,0.146156614,4.860648699,8.5
5358.0,47.0,18.9,5.9,2.49,0.01397475,267.922,4.83840672,70.7400143,24.42475959,0.095929443,4.73929667,8.5
5358.2,47.2,19.0,6.7,2.49,0.012942,267.922,4.88266044,70.7400143,24.42475959,0.095929443,4.73929667,8.5
5358.4,47.4,19.1,5.4,2.49,0.012410999999999998,267.922,4.73514804,70.7400143,24.42475959,0.095929443,4.73929667,8.5
5358.6,47.6,19.2,6.2,2.48,0.01295325,267.922,4.904787300000001,70.7400143,24.42475959,0.095929443,4.73929667,8.5
5358.8,47.8,19.3,7.8,2.48,0.003816,234.898,3.9533323200000003,70.7400143,24.42475959,0.095929443,4.73929667,8.5
5359.0,48.0,19.4,4.6,2.48,0.010079999999999999,268.923,4.77202614,66.50089162,26.52819339,0.084922432,6.885992554,8.5
5359.4,48.4,19.6,5.8,2.47,0.01084725,268.78,4.91216292,66.50089162,26.52819339,0.084922432,6.885992554,8.5
5359.6,48.6,19.7,5.2,2.47,0.0111105,268.923,4.89741168,66.50089162,26.52819339,0.084922432,6.885992554,8.5
5359.8,48.8,19.8,5.4,2.47,0.0109665,268.923,4.97116788,66.50089162,26.52819339,0.084922432,6.885992554,8.5
5360.0,49.0,19.9,6.6,2.46,0.0111375,268.78,4.78677738,66.75547058,21.83226118,0.023904534,11.38836371,8.5
5360.2,49.2,20.0,5.2,2.46,0.01131975,268.923,4.89003606,66.75547058,21.83226118,0.023904534,11.38836371,8.5
5360.4,49.4,20.1,7.8,2.46,0.0111825,268.78,4.74252366,66.75547058,21.83226118,0.023904534,11.38836371,8.5
5360.6,49.6,20.2,6.6,2.45,0.0104535,268.923,4.83840672,66.75547058,21.83226118,0.023904534,11.38836371,8.5
5360.8,49.8,20.3,4.6,2.45,0.01054125,268.923,4.93428978,66.75547058,21.83226118,0.023904534,11.38836371,8.5
5361.0,50.0,20.4,4.2,2.45,0.01039725,268.78,5.02279722,68.14063789,23.1385343,0.046347116,8.674480697,8.5
5361.2,50.2,20.5,4.7,2.45,0.010208249999999999,268.78,4.89741168,68.14063789,23.1385343,0.046347116,8.674480697,8.5
5361.4,50.4,20.6,7.8,2.45,0.01046025,268.78,4.78677738,68.14063789,23.1385343,0.046347116,8.674480697,8.5
5361.6,50.6,20.7,5.1,2.45,0.00990225,268.78,4.831031100000001,68.14063789,23.1385343,0.046347116,8.674480697,8.5
5361.8,50.8,20.8,7.1,2.44,0.010683,268.923,4.80152862,68.14063789,23.1385343,0.046347116,8.674480697,8.5
5362.0,51.0,20.9,4.2,2.45,0.010005749999999999,268.78,4.86053358,68.98762737,23.82282015,0.199045249,6.990507234,8.5
5362.2,51.2,21.0,7.0,2.44,0.01051425,268.923,4.7941530000000006,68.98762737,23.82282015,0.199045249,6.990507234,8.5
5362.4,51.4,21.1,5.2,2.44,0.010395,268.78,4.8679092,68.98762737,23.82282015,0.199045249,6.990507234,8.5
5362.6,51.6,21.1,5.2,2.44,0.01027575,268.78,4.84578234,68.98762737,23.82282015,0.199045249,6.990507234,8.5
5362.8,51.8,21.3,8.1,2.43,0.010437749999999999,268.78,4.71302118,68.98762737,23.82282015,0.199045249,6.990507234,8.5
5363.0,52.0,21.4,5.6,2.43,0.010964249999999998,268.923,4.93428978,65.85847607,25.65354398,0.131303325,8.356676625,8.5
5363.2,52.2,21.5,7.2,2.43,0.01017225,268.923,4.80890424,65.85847607,25.65354398,0.131303325,8.356676625,8.5
5363.4,52.4,21.6,5.2,2.43,0.010098000000000001,268.923,4.853157960000001,65.85847607,25.65354398,0.131303325,8.356676625,8.5
5363.6,52.6,21.7,5.1,2.43,0.0109395,268.78,4.853157960000001,65.85847607,25.65354398,0.131303325,8.356676625,8.5
5363.8,52.8,21.8,6.3,2.43,0.01107675,268.923,4.89003606,65.85847607,25.65354398,0.131303325,8.356676625,8.5
5364.0,53.0,21.9,5.7,2.42,0.010554749999999998,267.78,5.00804598,71.99238488,23.68918926,0.063104736,4.255321124,8.5
5364.2,53.2,21.9,4.1,2.43,0.010345499999999999,268.78,4.86053358,71.99238488,23.68918926,0.063104736,4.255321124,8.5
5364.4,53.4,22.0,5.1,2.43,0.01075725,268.78,4.93428978,71.99238488,23.68918926,0.063104736,4.255321124,8.5
5364.6,53.6,22.1,6.3,2.42,0.01107,268.78,4.73514804,71.99238488,23.68918926,0.063104736,4.255321124,8.5
5364.8,53.8,22.2,5.6,2.42,0.0100665,268.78,4.963792260000001,71.99238488,23.68918926,0.063104736,4.255321124,8.5
5365.0,54.0,22.3,4.4,2.42,0.01062225,268.78,4.97116788,62.67324959,32.49442067,0.147302053,4.685027686,8.5
5365.2,54.2,22.3,2.4,2.43,0.00141075,27.736,0.5015421600000001,62.67324959,32.49442067,0.147302053,4.685027686,8.5
5365.4,54.4,22.4,3.3,2.43,0.013185,268.923,4.94904102,62.67324959,32.49442067,0.147302053,4.685027686,8.5
5365.6,54.6,22.5,5.3,2.43,0.0137925,268.923,4.84578234,62.67324959,32.49442067,0.147302053,4.685027686,8.5
5365.8,54.8,22.5,3.4,2.43,0.014031,268.78,4.97116788,62.67324959,32.49442067,0.147302053,4.685027686,8.5
5366.0,55.0,22.6,4.7,2.43,0.011925,268.78,6.21764766,64.79849047,27.37715614,0.16227484,7.662078547,8.5
5366.2,55.2,22.7,3.6,2.43,0.012210750000000001,268.78,6.638058000000001,64.79849047,27.37715614,0.16227484,7.662078547,8.5
5366.4,55.4,22.7,3.9,2.44,0.0126315,268.923,6.6306823800000005,64.79849047,27.37715614,0.16227484,7.662078547,8.5
5366.6,55.6,22.8,5.4,2.44,0.01266075,268.78,6.64543362,64.79849047,27.37715614,0.16227484,7.662078547,8.5
5366.8,55.8,22.9,4.5,2.44,0.012707999999999999,268.78,6.689687340000001,64.79849047,27.37715614,0.16227484,7.662078547,8.5
5367.0,56.0,23.0,5.2,2.44,0.012624749999999999,268.78,6.57167742,62.22052119,32.036627,0.073729195,5.669122617,8.5
5367.2,56.2,23.0,3.9,2.44,0.01168875,268.923,6.58642866,62.22052119,32.036627,0.073729195,5.669122617,8.5
5367.4,56.4,23.2,6.3,2.44,0.01240875,268.78,6.579053040000001,62.22052119,32.036627,0.073729195,5.669122617,8.5
5367.6,56.6,23.2,3.9,2.44,0.01171575,268.78,6.564301800000001,62.22052119,32.036627,0.073729195,5.669122617,8.5
5367.8,56.8,23.3,5.4,2.44,0.01272825,268.78,6.65280924,62.22052119,32.036627,0.073729195,5.669122617,8.5
5368.0,57.0,23.4,5.7,2.44,0.012078,268.923,6.57167742,63.32119028,30.82290705,0.118302365,5.73760031,8.5
5368.2,57.2,23.5,5.9,2.43,0.0117405,268.78,6.579053040000001,63.32119028,30.82290705,0.118302365,5.73760031,8.5
5368.4,57.4,23.6,4.3,2.43,0.01168425,268.78,6.623306760000001,63.32119028,30.82290705,0.118302365,5.73760031,8.5
5368.6,57.6,23.7,5.0,2.43,0.01125225,268.78,6.564301800000001,63.32119028,30.82290705,0.118302365,5.73760031,8.5
5368.8,57.8,23.7,4.8,2.44,0.0116595,268.923,6.674936100000001,63.32119028,30.82290705,0.118302365,5.73760031,8.5
5369.0,58.0,23.8,5.0,2.43,0.011436749999999999,268.78,6.51267246,69.6303208,26.09807779,0.178732126,4.092869285,8.5
5369.2,58.2,23.9,6.8,2.43,0.012102749999999999,268.923,6.4831699799999996,69.6303208,26.09807779,0.178732126,4.092869285,8.5
5369.4,58.4,24.0,4.9,2.43,0.0119025,268.78,6.5938042800000005,69.6303208,26.09807779,0.178732126,4.092869285,8.5
5369.6,58.6,24.1,7.8,2.43,0.009972,268.78,6.5274237,69.6303208,26.09807779,0.178732126,4.092869285,8.5
5369.8,58.8,24.2,1.8,2.43,0.00991575,267.923,6.7118142,69.6303208,26.09807779,0.178732126,4.092869285,8.5
5370.0,59.0,24.2,3.6,2.43,0.010692,267.78,6.77081916,62.79394104,32.12778965,0.073195462,5.005073847,8.5
5370.2,59.2,24.3,3.4,2.44,0.0104985,267.78,6.77819478,62.79394104,32.12778965,0.073195462,5.005073847,8.5
5370.4,59.4,24.3,2.6,2.44,0.011747249999999999,268.78,6.689687340000001,62.79394104,32.12778965,0.073195462,5.005073847,8.5
5370.6,59.6,24.4,6.3,2.44,0.0081855,246.195,5.524339380000001,62.79394104,32.12778965,0.073195462,5.005073847,8.5
5371.0,60.0,24.6,2.8,2.44,0.007742249999999999,262.78,6.35778444,70.96180567,22.04842087,0.225713719,6.764059739,8.5
5371.2,60.2,24.7,3.7,2.44,0.0085905,262.923,6.564301800000001,70.96180567,22.04842087,0.225713719,6.764059739,8.5
5371.4,60.4,24.8,4.6,2.44,0.00911025,262.923,6.564301800000001,70.96180567,22.04842087,0.225713719,6.764059739,8.5
5371.6,60.6,24.8,4.3,2.44,0.0085815,262.923,6.29140386,70.96180567,22.04842087,0.225713719,6.764059739,8.5
5371.8,60.8,24.9,4.3,2.44,0.00900675,262.78,6.5274237,70.96180567,22.04842087,0.225713719,6.764059739,8.5
5372.0,61.0,25.0,4.3,2.44,0.009126,262.78,6.54217494,62.70940926,31.82864206,0.152547891,5.309400794,8.5
5372.2,61.2,25.1,5.0,2.44,0.009139499999999998,262.923,6.33565758,62.70940926,31.82864206,0.152547891,5.309400794,8.5
5372.4,61.4,25.2,7.9,2.44,0.009060750000000001,262.78,6.47579436,62.70940926,31.82864206,0.152547891,5.309400794,8.5
5372.6,61.6,25.3,4.2,2.44,0.007004249999999999,262.78,6.2323989,62.70940926,31.82864206,0.152547891,5.309400794,8.5
5372.8,61.8,25.3,4.3,2.44,0.0082125,262.923,6.46841874,62.70940926,31.82864206,0.152547891,5.309400794,8.5
5373.0,62.0,25.4,5.4,2.44,0.008007750000000001,262.923,6.2840282400000005,67.98638491,26.25197438,0.252392075,5.509248632,8.5
5373.2,62.2,25.5,5.4,2.44,0.0080685,262.923,6.44629188,67.98638491,26.25197438,0.252392075,5.509248632,8.5
5373.4,62.4,25.6,3.5,2.44,0.0072495,262.78,6.431540640000001,67.98638491,26.25197438,0.252392075,5.509248632,8.5
5373.6,62.6,25.7,5.7,2.44,0.0078165,262.78,6.40203816,67.98638491,26.25197438,0.252392075,5.509248632,8.5
5373.8,62.8,25.7,3.6,2.44,0.00829125,262.923,6.269277000000001,67.98638491,26.25197438,0.252392075,5.509248632,8.5
5374.0,63.0,25.8,6.5,2.44,0.00847575,262.78,6.46104312,61.20021703,32.28449903,0.12695206,6.388331876,8.5
5374.2,63.2,25.9,4.9,2.44,0.00846675,262.78,6.46104312,61.20021703,32.28449903,0.12695206,6.388331876,8.5
5374.4,63.4,26.0,5.1,2.44,0.00824625,262.78,6.40941378,61.20021703,32.28449903,0.12695206,6.388331876,8.5
5374.6,63.6,26.1,5.7,2.44,0.0083745,262.78,6.26190138,61.20021703,32.28449903,0.12695206,6.388331876,8.5
5374.8,63.8,26.2,5.3,2.44,0.00817425,262.78,6.497921220000001,61.20021703,32.28449903,0.12695206,6.388331876,8.5
5375.0,64.0,26.3,6.2,2.43,0.00850275,262.78,6.379911300000001,64.03616489,28.7424738,0.069964745,7.151396572,8.5
5375.2,64.2,26.4,4.4,2.44,0.007526250000000001,262.923,6.53479932,64.03616489,28.7424738,0.069964745,7.151396572,8.5
5375.4,64.4,26.4,4.4,2.44,0.007676999999999999,262.78,6.564301800000001,64.03616489,28.7424738,0.069964745,7.151396572,8.5
5375.6,64.6,26.5,3.6,2.44,0.0085455,262.78,6.46841874,64.03616489,28.7424738,0.069964745,7.151396572,8.5
5375.8,64.8,26.6,5.4,2.44,0.009139499999999998,262.78,6.35040882,64.03616489,28.7424738,0.069964745,7.151396572,8.5
5376.0,65.0,26.7,6.0,2.44,0.009967499999999999,262.78,6.40203816,62.18740785,31.97633571,0.175401037,5.660855406,8.5
5376.2,65.2,26.8,7.0,2.43,0.009976500000000001,262.923,6.38728692,62.18740785,31.97633571,0.175401037,5.660855406,8.5
5376.4,65.4,26.9,6.9,2.43,0.00945,262.78,6.3430332,62.18740785,31.97633571,0.175401037,5.660855406,8.5
5376.6,65.6,27.0,4.6,2.43,0.00943425,262.78,6.365160060000001,62.18740785,31.97633571,0.175401037,5.660855406,8.5
5376.8,65.8,27.1,5.0,2.43,0.01016325,262.78,6.394662540000001,62.18740785,31.97633571,0.175401037,5.660855406,8.5
5377.0,66.0,27.2,6.9,2.43,0.009506249999999999,262.78,6.5274237,66.02992394,27.03355875,0.055895378,6.880621925,8.5
5377.2,66.2,27.3,4.1,2.43,0.00759375,262.923,6.35040882,66.02992394,27.03355875,0.055895378,6.880621925,8.5
5377.4,66.4,27.4,5.9,2.43,0.009072,262.78,6.33565758,66.02992394,27.03355875,0.055895378,6.880621925,8.5
5377.6,66.6,27.5,6.3,2.43,0.008239499999999999,262.78,6.33565758,66.02992394,27.03355875,0.055895378,6.880621925,8.5
5377.8,66.8,27.6,5.9,2.42,0.0076095,262.78,6.40203816,66.02992394,27.03355875,0.055895378,6.880621925,8.5
5378.0,67.0,27.7,7.7,2.42,-0.00015524999999999998,189.298,3.6804343800000003,64.18361498,30.772574,0.113531935,4.93027908,8.5
5378.2,67.2,27.7,5.2,2.43,-0.0020722500000000003,266.923,5.59071996,64.18361498,30.772574,0.113531935,4.93027908,8.5
5378.4,67.4,27.7,3.7,2.43,0.00399375,266.78,6.0111303000000005,64.18361498,30.772574,0.113531935,4.93027908,8.5
5378.6,67.6,27.8,3.2,2.43,0.00947925,266.78,6.46841874,64.18361498,30.772574,0.113531935,4.93027908,8.5
5378.8,67.8,27.9,4.0,2.43,0.00902475,266.923,6.490545600000001,64.18361498,30.772574,0.113531935,4.93027908,8.5
5379.0,68.0,28.0,4.6,2.43,0.00895725,266.78,6.579053040000001,62.28814274,32.01242686,0.180199017,5.519231375,8.5
5379.2,68.2,28.1,4.8,2.43,0.009414,266.78,6.674936100000001,62.28814274,32.01242686,0.180199017,5.519231375,8.5
5379.4,68.4,28.2,5.3,2.43,0.009330749999999999,266.78,6.6011799,62.28814274,32.01242686,0.180199017,5.519231375,8.5
5379.6,68.6,28.3,5.5,2.43,0.009243,266.78,6.51267246,62.28814274,32.01242686,0.180199017,5.519231375,8.5
5379.8,68.8,28.3,4.4,2.43,0.0086985,266.78,6.54217494,62.28814274,32.01242686,0.180199017,5.519231375,8.5
5380.0,69.0,28.5,7.6,2.42,0.0093915,266.78,6.53479932,68.86003641,25.43741874,0.233047419,5.469497431,8.5
5380.2,69.2,28.6,7.3,2.42,0.008801999999999999,266.78,6.58642866,68.86003641,25.43741874,0.233047419,5.469497431,8.5
5380.4,69.4,28.7,3.9,2.42,0.00893925,266.78,6.58642866,68.86003641,25.43741874,0.233047419,5.469497431,8.5
5380.6,69.6,28.8,6.5,2.42,0.00830475,266.78,6.564301800000001,68.86003641,25.43741874,0.233047419,5.469497431,8.5
5380.8,69.8,28.8,4.9,2.42,0.009323999999999999,266.78,6.64543362,68.86003641,25.43741874,0.233047419,5.469497431,8.5
5381.0,70.0,29.0,6.5,2.42,0.009150750000000001,266.78,6.579053040000001,69.94099566,24.60845765,0.259148097,5.191398594,8.5
5381.2,70.2,29.1,6.3,2.42,0.009292499999999999,266.78,6.615931140000001,69.94099566,24.60845765,0.259148097,5.191398594,8.5
5381.4,70.4,29.2,6.2,2.41,0.00936675,266.78,6.674936100000001,69.94099566,24.60845765,0.259148097,5.191398594,8.5
5381.6,70.6,29.3,6.8,2.41,0.00945,266.78,6.7118142,69.94099566,24.60845765,0.259148097,5.191398594,8.5
5381.8,70.8,29.4,5.2,2.41,0.00963,266.78,6.5938042800000005,69.94099566,24.60845765,0.259148097,5.191398594,8.5
5382.0,71.0,29.5,6.6,2.41,0.010239749999999999,266.78,6.68231172,71.3756908,23.02497574,0.272698109,5.326635352,8.5
5382.2,71.2,29.6,7.3,2.41,0.0032714999999999997,266.78,6.02588154,71.3756908,23.02497574,0.272698109,5.326635352,8.5
5382.4,71.4,29.7,3.9,2.41,0.00878175,266.78,6.7118142,71.3756908,23.02497574,0.272698109,5.326635352,8.5
5382.6,71.6,29.7,4.8,2.41,0.0084285,266.78,6.66756048,71.3756908,23.02497574,0.272698109,5.326635352,8.5
5382.8,71.8,29.8,5.0,2.41,0.009186749999999999,266.78,6.638058000000001,71.3756908,23.02497574,0.272698109,5.326635352,8.5
5383.0,72.0,29.9,4.5,2.41,0.008682750000000001,266.78,6.66756048,70.71173782,23.20343486,0.230408671,5.854418642,8.5
5383.2,72.2,30.0,6.1,2.41,0.00946125,266.78,6.66756048,70.71173782,23.20343486,0.230408671,5.854418642,8.5
5383.4,72.4,30.1,5.2,2.41,0.00917325,266.78,6.66018486,70.71173782,23.20343486,0.230408671,5.854418642,8.5
5383.6,72.6,30.2,5.6,2.41,0.009144,266.78,6.66018486,70.71173782,23.20343486,0.230408671,5.854418642,8.5
5383.8,72.8,30.3,6.0,2.4,0.00853425,266.78,6.5569261800000005,70.71173782,23.20343486,0.230408671,5.854418642,8.5
5384.0,73.0,30.4,5.0,2.4,0.008928,266.78,6.7118142,63.94245242,30.7128532,0.226023362,5.118671019,8.5
5384.2,73.2,30.4,4.8,2.4,0.00237825,266.78,6.09226212,63.94245242,30.7128532,0.226023362,5.118671019,8.5
5384.4,73.4,30.5,4.5,2.41,0.00786825,268.923,6.46841874,63.94245242,30.7128532,0.226023362,5.118671019,8.5
5384.6,73.6,30.6,5.4,2.4,0.00832725,268.78,6.438916260000001,63.94245242,30.7128532,0.226023362,5.118671019,8.5
5384.8,73.8,30.7,5.8,2.4,0.0087525,268.78,6.608555520000001,63.94245242,30.7128532,0.226023362,5.118671019,8.5
5385.0,74.0,30.8,4.6,2.4,0.008801999999999999,268.78,6.623306760000001,63.33546968,30.62845396,0.186827435,5.849248927,8.5
5385.2,74.2,30.9,6.1,2.4,0.009216,268.78,6.505296840000001,63.33546968,30.62845396,0.186827435,5.849248927,8.5
5385.4,74.4,31.0,5.4,2.4,0.0089235,268.78,6.549550560000001,63.33546968,30.62845396,0.186827435,5.849248927,8.5
5385.6,74.6,31.1,5.3,2.4,0.0095175,268.78,6.64543362,63.33546968,30.62845396,0.186827435,5.849248927,8.5
5385.8,74.8,31.1,5.0,2.4,0.008264249999999999,268.78,6.46841874,63.33546968,30.62845396,0.186827435,5.849248927,8.5
5386.0,75.0,31.3,7.9,2.4,0.01029825,268.78,6.497921220000001,64.1984121,29.24893891,0.035628165,6.517020827,8.5
5386.2,75.2,31.3,4.2,2.4,0.010197,268.78,6.438916260000001,64.1984121,29.24893891,0.035628165,6.517020827,8.5
5386.6,75.6,31.6,6.8,2.39,0.009470250000000001,268.78,6.239774520000001,64.1984121,29.24893891,0.035628165,6.517020827,8.5
5386.8,75.8,31.7,4.7,2.39,0.010507500000000001,268.78,6.328281960000001,64.1984121,29.24893891,0.035628165,6.517020827,8.5
5387.2,76.2,31.9,5.0,2.39,0.009639,268.78,6.40203816,55.15194671,35.84108729,0.470360971,8.536605035,8.5
5387.4,76.4,32.0,4.0,2.39,0.01188675,268.78,6.5274237,55.15194671,35.84108729,0.470360971,8.536605035,8.5
5387.6,76.6,32.1,6.0,2.39,0.011974499999999999,268.78,6.5200480800000005,55.15194671,35.84108729,0.470360971,8.536605035,8.5
5387.8,76.8,32.2,8.0,2.38,0.011724749999999999,268.78,6.505296840000001,55.15194671,35.84108729,0.470360971,8.536605035,8.5
5388.0,77.0,32.3,6.2,2.38,0.0102825,268.78,6.372535680000001,55.8252309,35.9480701,0.377767183,7.848931822,8.5
5388.2,77.2,32.4,3.6,2.38,0.010314,268.78,6.379911300000001,55.8252309,35.9480701,0.377767183,7.848931822,8.5
5388.4,77.4,32.5,8.1,2.38,0.0108585,268.78,6.35040882,55.8252309,35.9480701,0.377767183,7.848931822,8.5
5388.6,77.6,32.6,6.6,2.38,0.010979999999999998,268.78,6.33565758,55.8252309,35.9480701,0.377767183,7.848931822,8.5
5388.8,77.8,32.7,5.5,2.38,0.012692249999999999,268.78,6.394662540000001,55.8252309,35.9480701,0.377767183,7.848931822,8.5
5389.2,78.2,32.9,1.9,2.38,0.011686499999999999,268.78,6.46841874,70.98753346,23.62918486,0.147061335,5.236220346,8.5
5389.6,78.6,33.2,7.6,2.37,0.011526749999999999,268.78,6.438916260000001,70.98753346,23.62918486,0.147061335,5.236220346,8.5
5389.8,78.8,33.3,5.2,2.37,0.004529249999999999,268.78,5.81936418,70.98753346,23.62918486,0.147061335,5.236220346,8.5
5390.0,79.0,33.3,4.1,2.37,0.0100035,268.78,6.438916260000001,71.11832555,23.29966783,0.109226794,5.472779831,8.5
5390.2,79.2,33.4,6.3,2.37,0.0108225,268.923,6.5274237,71.11832555,23.29966783,0.109226794,5.472779831,8.5
5390.4,79.4,33.5,3.7,2.37,0.009162,268.78,6.66756048,71.11832555,23.29966783,0.109226794,5.472779831,8.5
5390.6,79.6,33.6,3.5,2.37,0.011223,268.78,6.71918982,71.11832555,23.29966783,0.109226794,5.472779831,8.5
5390.8,79.8,33.6,5.0,2.37,0.01071,268.78,6.549550560000001,71.11832555,23.29966783,0.109226794,5.472779831,8.5
5391.0,80.0,33.7,5.1,2.37,0.010626749999999999,268.78,6.53479932,72.08604013,21.47598142,0.171610016,6.266368434,8.5
5391.2,80.2,33.8,4.6,2.37,0.011225249999999999,268.78,6.608555520000001,72.08604013,21.47598142,0.171610016,6.266368434,8.5
5391.4,80.4,33.9,5.8,2.37,0.0118125,268.923,6.64543362,72.08604013,21.47598142,0.171610016,6.266368434,8.5
5391.6,80.6,34.0,5.9,2.37,0.0108405,268.78,6.6011799,72.08604013,21.47598142,0.171610016,6.266368434,8.5
5391.8,80.8,34.1,5.8,2.37,0.0095085,268.78,6.438916260000001,72.08604013,21.47598142,0.171610016,6.266368434,8.5
5392.0,81.0,34.2,3.1,2.37,0.01072125,268.923,6.57167742,75.39893076,19.99963726,0.05203846,4.549393517,8.5
5392.2,81.2,34.3,6.0,2.37,0.011751749999999998,268.78,6.69706296,75.39893076,19.99963726,0.05203846,4.549393517,8.5
5392.6,81.6,34.4,8.1,2.37,0.01322325,268.78,6.66018486,75.39893076,19.99963726,0.05203846,4.549393517,8.5
5392.8,81.8,34.5,5.7,2.37,0.011830499999999999,268.78,6.704438580000001,75.39893076,19.99963726,0.05203846,4.549393517,8.5
5393.0,82.0,34.6,5.0,2.37,0.01211625,268.78,6.689687340000001,76.09655366,18.85710196,0.105358389,4.940985985,8.5
5393.2,82.2,34.7,6.7,2.37,0.012161249999999998,268.78,6.40941378,76.09655366,18.85710196,0.105358389,4.940985985,8.5
5393.4,82.4,34.8,7.2,2.37,0.012195000000000001,268.923,6.5569261800000005,76.09655366,18.85710196,0.105358389,4.940985985,8.5
5393.6,82.6,35.0,8.3,2.36,0.012055499999999999,268.78,6.46841874,76.09655366,18.85710196,0.105358389,4.940985985,8.5
5393.8,82.8,35.1,7.1,2.36,0.01231875,268.78,6.4831699799999996,76.09655366,18.85710196,0.105358389,4.940985985,8.5
5394.0,83.0,35.2,7.0,2.36,0.012048749999999999,268.78,6.46841874,68.50816859,25.52811324,0.108243045,5.85547513,8.5
5394.2,83.2,35.3,7.1,2.36,0.011772,268.78,6.44629188,68.50816859,25.52811324,0.108243045,5.85547513,8.5
5394.4,83.4,35.4,6.0,2.36,0.01229175,268.78,6.6011799,68.50816859,25.52811324,0.108243045,5.85547513,8.5
5394.6,83.6,35.5,6.3,2.35,0.012071249999999999,268.78,6.549550560000001,68.50816859,25.52811324,0.108243045,5.85547513,8.5
5394.8,83.8,35.6,5.5,2.35,0.011299499999999999,268.78,6.564301800000001,68.50816859,25.52811324,0.108243045,5.85547513,8.5
5395.0,84.0,35.7,3.4,2.36,0.0114525,268.78,6.615931140000001,71.15500768,22.18652196,0.194983042,6.463487315,8.5
5395.2,84.2,35.8,5.4,2.35,0.013358249999999999,268.78,6.674936100000001,71.15500768,22.18652196,0.194983042,6.463487315,8.5
5395.6,84.6,36.0,4.9,2.35,0.0127215,268.78,6.51267246,71.15500768,22.18652196,0.194983042,6.463487315,8.5
5395.8,84.8,36.1,7.0,2.35,0.01279575,268.78,6.69706296,71.15500768,22.18652196,0.194983042,6.463487315,8.5
5396.0,85.0,36.2,4.9,2.35,0.01147275,268.78,6.66018486,64.29820589,29.60032923,0.158343906,5.943120974,8.5
5396.2,85.2,36.3,4.6,2.35,0.012393,268.78,6.54217494,64.29820589,29.60032923,0.158343906,5.943120974,8.5
5396.4,85.4,36.4,8.5,2.35,0.012761999999999999,268.78,6.564301800000001,64.29820589,29.60032923,0.158343906,5.943120974,8.5
5396.6,85.6,36.5,5.3,2.35,0.012345749999999999,268.923,6.608555520000001,64.29820589,29.60032923,0.158343906,5.943120974,8.5
5396.8,85.8,36.6,4.6,2.35,0.012384,268.78,6.7118142,64.29820589,29.60032923,0.158343906,5.943120974,8.5
5397.0,86.0,36.7,6.5,2.35,0.0062415,268.923,5.95212534,69.16940666,23.27532544,0.254478298,7.300789607,8.5
5397.2,86.2,36.7,3.2,2.35,0.0118575,268.78,6.638058000000001,69.16940666,23.27532544,0.254478298,7.300789607,8.5
5397.4,86.4,36.8,5.2,2.35,0.013108499999999999,268.78,6.674936100000001,69.16940666,23.27532544,0.254478298,7.300789607,8.5
5397.6,86.6,36.9,6.1,2.35,0.012667499999999998,268.78,6.6011799,69.16940666,23.27532544,0.254478298,7.300789607,8.5
5397.8,86.8,37.0,4.3,2.35,0.01269675,268.78,6.46841874,69.16940666,23.27532544,0.254478298,7.300789607,8.5
5398.0,87.0,37.1,5.3,2.35,0.013092749999999998,268.78,6.689687340000001,73.36784942,20.42345029,0.05544239,6.153257903,8.5
5398.2,87.2,37.2,5.2,2.35,0.0126585,268.923,6.69706296,73.36784942,20.42345029,0.05544239,6.153257903,8.5
5398.4,87.4,37.2,4.5,2.35,0.012573,268.78,6.64543362,73.36784942,20.42345029,0.05544239,6.153257903,8.5
5398.6,87.6,37.3,5.1,2.35,0.012681,268.78,6.64543362,73.36784942,20.42345029,0.05544239,6.153257903,8.5
5398.8,87.8,37.4,5.2,2.35,0.013198499999999998,268.78,6.53479932,73.36784942,20.42345029,0.05544239,6.153257903,8.5
5399.0,88.0,37.5,5.6,2.35,0.01318725,268.78,6.7118142,70.97234171,24.11327416,0.192485858,4.721898271,8.5
5399.2,88.2,37.6,5.9,2.35,0.0128475,268.78,6.638058000000001,70.97234171,24.11327416,0.192485858,4.721898271,8.5
5399.4,88.4,37.7,4.6,2.35,0.0125775,268.78,6.6306823800000005,70.97234171,24.11327416,0.192485858,4.721898271,8.5
5399.6,88.6,37.7,4.4,2.35,0.012069,266.78,6.792946020000001,70.97234171,24.11327416,0.192485858,4.721898271,8.5
5399.8,88.8,37.8,5.3,2.35,0.012305249999999998,268.78,6.564301800000001,70.97234171,24.11327416,0.192485858,4.721898271,8.5
5400.0,89.0,37.9,4.8,2.35,0.01256175,268.78,6.704438580000001,64.6176215,29.85530221,0.072692086,5.4543842,8.5
5400.2,89.2,38.0,3.9,2.35,0.01251675,268.78,6.72656544,64.6176215,29.85530221,0.072692086,5.4543842,8.5
5400.4,89.4,38.0,3.2,2.35,0.012483,268.78,6.69706296,64.6176215,29.85530221,0.072692086,5.4543842,8.5
5400.6,89.6,38.1,4.6,2.35,0.012890249999999999,268.923,6.6306823800000005,64.6176215,29.85530221,0.072692086,5.4543842,8.5
5400.8,89.8,38.2,6.6,2.35,0.013124249999999999,268.78,6.564301800000001,64.6176215,29.85530221,0.072692086,5.4543842,8.5
5401.0,90.0,38.3,4.9,2.35,0.01275075,268.78,6.54217494,65.96770132,29.20089299,0.05046434,4.780941342,8.5
5401.2,90.2,38.4,6.0,2.35,0.01339875,268.78,6.46841874,65.96770132,29.20089299,0.05046434,4.780941342,8.5
5401.4,90.4,38.5,6.0,2.35,0.012285,268.923,6.438916260000001,65.96770132,29.20089299,0.05046434,4.780941342,8.5
5401.6,90.6,38.6,5.8,2.35,0.012800249999999999,268.78,6.46841874,65.96770132,29.20089299,0.05046434,4.780941342,8.5
5401.8,90.8,38.7,5.2,2.35,0.012915,268.78,6.5569261800000005,65.96770132,29.20089299,0.05046434,4.780941342,8.5
5402.0,91.0,38.8,4.6,2.35,0.012663,268.78,6.53479932,74.39287449,21.20190827,0.180134607,4.225082639,8.5
5402.2,91.2,38.9,5.6,2.35,0.0131715,268.78,6.431540640000001,74.39287449,21.20190827,0.180134607,4.225082639,8.5
5402.4,91.4,39.0,8.4,2.34,0.01342125,268.78,6.372535680000001,74.39287449,21.20190827,0.180134607,4.225082639,8.5
5402.6,91.6,39.1,5.6,2.34,0.01295325,268.923,6.38728692,74.39287449,21.20190827,0.180134607,4.225082639,8.5
5402.8,91.8,39.2,5.0,2.34,0.01296675,268.78,6.5938042800000005,74.39287449,21.20190827,0.180134607,4.225082639,8.5
5403.0,92.0,39.2,4.2,2.34,0.01343025,268.78,6.689687340000001,68.57238066,27.32010737,0.146810436,3.960701536,8.5
5403.2,92.2,39.3,4.3,2.35,0.0132435,268.923,6.64543362,68.57238066,27.32010737,0.146810436,3.960701536,8.5
5403.4,92.4,39.4,5.0,2.35,0.01330425,268.78,6.394662540000001,68.57238066,27.32010737,0.146810436,3.960701536,8.5
5403.6,92.6,39.5,7.5,2.34,0.01345275,268.78,6.497921220000001,68.57238066,27.32010737,0.146810436,3.960701536,8.5
5403.8,92.8,39.6,4.1,2.34,0.01215,268.78,6.689687340000001,68.57238066,27.32010737,0.146810436,3.960701536,8.5
5404.0,93.0,39.6,3.6,2.35,0.013076999999999998,268.923,6.638058000000001,63.96565963,31.538061,0.056365764,4.439913604,8.5
5404.2,93.2,39.7,4.5,2.35,0.01334475,268.78,6.5274237,63.96565963,31.538061,0.056365764,4.439913604,8.5
5404.4,93.4,39.8,3.7,2.35,0.0131805,268.78,6.7118142,63.96565963,31.538061,0.056365764,4.439913604,8.5
5404.6,93.6,39.8,3.5,2.35,0.01308825,267.78,6.72656544,63.96565963,31.538061,0.056365764,4.439913604,8.5
5404.8,93.8,40.0,6.4,2.35,0.013805999999999999,268.78,6.505296840000001,63.96565963,31.538061,0.056365764,4.439913604,8.5
5405.0,94.0,40.0,5.5,2.35,0.01290825,268.78,6.68231172,65.12951444,30.58578562,0.041346715,4.243353227,8.5
5405.2,94.2,40.1,3.2,2.35,0.012836249999999999,267.923,6.741316680000001,65.12951444,30.58578562,0.041346715,4.243353227,8.5
5405.4,94.4,40.2,3.7,2.35,0.01267425,268.78,6.66018486,65.12951444,30.58578562,0.041346715,4.243353227,8.5
5405.6,94.6,40.2,4.5,2.35,0.012730499999999999,268.78,6.6306823800000005,65.12951444,30.58578562,0.041346715,4.243353227,8.5
5405.8,94.8,40.3,4.7,2.35,0.01325475,268.78,6.40941378,65.12951444,30.58578562,0.041346715,4.243353227,8.5
5406.0,95.0,40.4,5.6,2.35,0.01343475,268.923,6.53479932,62.22917034,30.61062539,0.083610712,7.076593562,8.5
5406.2,95.2,40.5,5.1,2.35,0.013266,268.78,6.608555520000001,62.22917034,30.61062539,0.083610712,7.076593562,8.5
5406.4,95.4,40.6,4.0,2.35,0.01352475,268.78,6.47579436,62.22917034,30.61062539,0.083610712,7.076593562,8.5
5406.6,95.6,40.6,5.7,2.35,0.014480999999999999,268.78,6.69706296,62.22917034,30.61062539,0.083610712,7.076593562,8.5
5407.0,96.0,41.0,6.9,2.34,0.0097605,268.78,6.564301800000001,61.8468386,31.5384036,0.17177565,6.442982146,8.5
5407.2,96.2,41.1,6.0,2.34,0.00987075,268.923,6.379911300000001,61.8468386,31.5384036,0.17177565,6.442982146,8.5
5407.4,96.4,41.2,7.4,2.34,0.00963,268.923,6.4831699799999996,61.8468386,31.5384036,0.17177565,6.442982146,8.5
5407.6,96.6,41.3,7.0,2.34,0.0098955,268.923,6.44629188,61.8468386,31.5384036,0.17177565,6.442982146,8.5
5407.8,96.8,41.4,5.3,2.34,0.008973,268.78,6.638058000000001,61.8468386,31.5384036,0.17177565,6.442982146,8.5
5408.0,97.0,41.5,4.3,2.34,0.00878175,267.78,6.579053040000001,54.35550845,39.15123528,0.109696216,6.383560048,8.5
5408.2,97.2,41.5,3.6,2.34,0.0097515,268.923,6.65280924,54.35550845,39.15123528,0.109696216,6.383560048,8.5
5408.4,97.4,41.6,5.5,2.34,0.010246499999999999,267.78,6.733941060000001,54.35550845,39.15123528,0.109696216,6.383560048,8.5
5408.6,97.6,41.7,4.3,2.34,0.00996525,268.78,6.5200480800000005,54.35550845,39.15123528,0.109696216,6.383560048,8.5
5408.8,97.8,41.8,5.4,2.34,0.010754999999999999,268.78,6.69706296,54.35550845,39.15123528,0.109696216,6.383560048,8.5
5409.0,98.0,41.9,4.3,2.34,0.01070325,267.78,6.7560679200000004,70.01931097,25.17338277,0.169485955,4.637820301,8.5
5409.2,98.2,42.0,6.2,2.34,0.011178,268.923,6.549550560000001,70.01931097,25.17338277,0.169485955,4.637820301,8.5
5409.4,98.4,42.1,5.7,2.34,0.010745999999999999,268.78,6.54217494,70.01931097,25.17338277,0.169485955,4.637820301,8.5
5409.6,98.6,42.2,6.4,2.34,0.01161675,268.78,6.64543362,70.01931097,25.17338277,0.169485955,4.637820301,8.5
5409.8,98.8,42.2,4.3,2.34,0.011439000000000001,268.923,6.623306760000001,70.01931097,25.17338277,0.169485955,4.637820301,8.5
5410.0,99.0,42.4,8.4,2.34,0.01112625,267.78,6.623306760000001,66.99791072,29.14801007,0.096084433,3.757994778,8.5
5410.2,99.2,42.4,3.5,2.34,0.009256499999999999,268.78,6.453667500000001,66.99791072,29.14801007,0.096084433,3.757994778,8.5
5410.4,99.4,42.5,6.1,2.34,0.0111285,267.923,6.689687340000001,66.99791072,29.14801007,0.096084433,3.757994778,8.5
5410.6,99.6,42.7,7.1,2.33,0.00894825,268.78,6.579053040000001,66.99791072,29.14801007,0.096084433,3.757994778,8.5
5410.8,99.8,42.7,2.5,2.34,0.00781875,268.78,6.453667500000001,66.99791072,29.14801007,0.096084433,3.757994778,8.5
5411.0,100.0,42.7,2.8,2.34,0.011533499999999999,267.78,6.69706296,69.13326703,27.10976241,0.086188486,3.670782083,8.5
5411.2,100.2,42.9,8.1,2.34,0.01167975,268.923,6.564301800000001,69.13326703,27.10976241,0.086188486,3.670782083,8.5
5411.4,100.4,43.0,6.9,2.34,0.01044675,268.78,6.46841874,69.13326703,27.10976241,0.086188486,3.670782083,8.5
5411.6,100.6,43.1,4.0,2.34,0.0103545,268.78,6.57167742,69.13326703,27.10976241,0.086188486,3.670782083,8.5
5411.8,100.8,43.2,7.4,2.33,0.01041075,268.923,6.54217494,69.13326703,27.10976241,0.086188486,3.670782083,8.5
5412.0,101.0,43.3,5.3,2.33,0.01108575,268.78,6.47579436,70.61463721,24.80110653,0.170641301,4.413614963,8.5
5412.2,101.2,43.4,7.3,2.33,0.010881,268.78,6.40203816,70.61463721,24.80110653,0.170641301,4.413614963,8.5
5412.4,101.4,43.5,6.1,2.33,0.011459249999999999,268.78,6.424165020000001,70.61463721,24.80110653,0.170641301,4.413614963,8.5
5412.6,101.6,43.6,7.0,2.33,0.01166625,268.78,6.53479932,70.61463721,24.80110653,0.170641301,4.413614963,8.5
5412.8,101.8,43.7,4.7,2.33,0.01025325,268.78,6.64543362,70.61463721,24.80110653,0.170641301,4.413614963,8.5
5413.0,102.0,43.8,4.7,2.33,0.0109305,268.78,6.505296840000001,64.28918046,31.58244204,0.122485463,4.005892038,8.5
5413.2,102.2,43.9,6.8,2.33,0.01179675,268.78,6.46841874,64.28918046,31.58244204,0.122485463,4.005892038,8.5
5413.4,102.4,44.0,5.7,2.33,0.0029565,268.78,6.0480084,64.28918046,31.58244204,0.122485463,4.005892038,8.5
5413.6,102.6,44.1,5.4,2.33,0.005778,268.923,6.5200480800000005,64.28918046,31.58244204,0.122485463,4.005892038,8.5
5413.8,102.8,44.2,5.9,2.33,0.007436249999999999,268.78,6.51267246,64.28918046,31.58244204,0.122485463,4.005892038,8.5
5414.0,103.0,44.3,6.2,2.33,0.014874749999999999,268.78,6.365160060000001,64.87749453,30.58810349,0.017829108,4.516572862,8.5
5414.2,103.2,44.4,6.2,2.33,0.01420875,268.923,6.44629188,64.87749453,30.58810349,0.017829108,4.516572862,8.5
5414.4,103.4,44.5,4.9,2.33,0.014154749999999999,268.78,6.38728692,64.87749453,30.58810349,0.017829108,4.516572862,8.5
5414.6,103.6,44.6,6.6,2.32,0.014013,268.78,6.2471501400000005,64.87749453,30.58810349,0.017829108,4.516572862,8.5
5414.8,103.8,44.7,5.8,2.32,0.013949999999999999,268.923,6.431540640000001,64.87749453,30.58810349,0.017829108,4.516572862,8.5
5415.0,104.0,44.8,6.0,2.32,0.014013,268.78,6.3430332,64.92706517,29.18259476,0.228698766,5.6616413,8.5
5415.2,104.2,44.9,6.1,2.32,0.0142515,268.923,6.306155100000001,64.92706517,29.18259476,0.228698766,5.6616413,8.5
5415.4,104.4,45.0,7.3,2.32,0.0139905,268.78,6.379911300000001,64.92706517,29.18259476,0.228698766,5.6616413,8.5
5415.6,104.6,45.1,4.8,2.32,0.01388475,268.78,6.5938042800000005,64.92706517,29.18259476,0.228698766,5.6616413,8.5
5415.8,104.8,45.1,4.3,2.32,0.0136845,268.923,6.54217494,64.92706517,29.18259476,0.228698766,5.6616413,8.5
5416.0,105.0,45.2,5.3,2.32,0.014492249999999998,272.923,6.564301800000001,64.67442671,30.65942569,0.217686401,4.448461201,8.5
5416.2,105.2,45.3,4.8,2.32,0.01375425,273.78,6.7118142,64.67442671,30.65942569,0.217686401,4.448461201,8.5
5416.4,105.4,45.4,3.3,2.32,0.013392000000000001,273.78,6.69706296,64.67442671,30.65942569,0.217686401,4.448461201,8.5
5416.6,105.6,45.4,4.8,2.32,0.01432575,273.78,6.77081916,64.67442671,30.65942569,0.217686401,4.448461201,8.5
5416.8,105.8,45.5,4.5,2.32,0.0132255,273.78,6.623306760000001,64.67442671,30.65942569,0.217686401,4.448461201,8.5
5417.0,106.0,45.6,4.4,2.33,0.0135585,273.923,6.689687340000001,67.66662803,27.48637089,0.014390775,4.832610301,8.5
5417.2,106.2,45.7,5.3,2.33,0.014177249999999999,273.78,6.615931140000001,67.66662803,27.48637089,0.014390775,4.832610301,8.5
5417.4,106.4,45.8,4.7,2.33,0.0136485,273.923,6.608555520000001,67.66662803,27.48637089,0.014390775,4.832610301,8.5
5417.6,106.6,45.9,5.8,2.32,0.013790249999999999,273.78,6.72656544,67.66662803,27.48637089,0.014390775,4.832610301,8.5
5417.8,106.8,45.9,3.7,2.33,0.01255725,273.78,6.68231172,67.66662803,27.48637089,0.014390775,4.832610301,8.5
5418.0,107.0,46.0,4.5,2.33,0.01268775,273.78,6.7118142,64.68767941,29.71068978,0.082651851,5.518978961,8.5
5418.2,107.2,46.1,4.4,2.33,0.012726,273.78,6.57167742,64.68767941,29.71068978,0.082651851,5.518978961,8.5
5418.4,107.4,46.2,5.8,2.33,0.013887,273.78,6.58642866,64.68767941,29.71068978,0.082651851,5.518978961,8.5
5418.6,107.6,46.2,4.4,2.33,0.01391625,273.78,6.689687340000001,64.68767941,29.71068978,0.082651851,5.518978961,8.5
5418.8,107.8,46.3,5.2,2.33,0.012948749999999998,273.78,6.71918982,64.68767941,29.71068978,0.082651851,5.518978961,8.5
5419.0,108.0,46.4,4.4,2.33,0.01305675,273.78,6.57167742,68.38098437,26.37293015,0.121815671,5.12426981,8.5
5419.2,108.2,46.5,5.0,2.33,0.013815,273.78,6.638058000000001,68.38098437,26.37293015,0.121815671,5.12426981,8.5
5419.4,108.4,46.5,4.3,2.33,0.013358249999999999,273.78,6.733941060000001,68.38098437,26.37293015,0.121815671,5.12426981,8.5
5419.6,108.6,46.6,4.4,2.33,0.0135135,273.78,6.66018486,68.38098437,26.37293015,0.121815671,5.12426981,8.5
5419.8,108.8,46.7,4.6,2.33,0.01316475,273.78,6.733941060000001,68.38098437,26.37293015,0.121815671,5.12426981,8.5
5420.0,109.0,46.8,4.4,2.33,0.01337175,273.78,6.5938042800000005,68.46130979,25.71299646,0.08789008,5.737803675,8.5
5420.2,109.2,46.8,4.6,2.33,0.01321875,273.78,6.800321640000001,68.46130979,25.71299646,0.08789008,5.737803675,8.5
5420.4,109.4,46.9,3.4,2.33,0.013085999999999999,274.209,6.77819478,68.46130979,25.71299646,0.08789008,5.737803675,8.5
5420.6,109.6,47.0,4.5,2.33,0.0134775,278.07,6.71918982,68.46130979,25.71299646,0.08789008,5.737803675,8.5
5420.8,109.8,47.1,4.6,2.33,0.013076999999999998,277.927,6.71918982,68.46130979,25.71299646,0.08789008,5.737803675,8.5
5421.0,110.0,47.1,5.5,2.33,0.013155749999999999,278.07,6.53479932,67.95148476,27.60608488,0.159706229,4.282724135,8.5
5421.2,110.2,47.2,4.7,2.33,0.0122715,278.07,6.689687340000001,67.95148476,27.60608488,0.159706229,4.282724135,8.5
5421.4,110.4,47.3,4.7,2.33,0.0122175,278.07,6.608555520000001,67.95148476,27.60608488,0.159706229,4.282724135,8.5
5421.6,110.6,47.4,4.3,2.33,0.01139625,278.07,6.58642866,67.95148476,27.60608488,0.159706229,4.282724135,8.5
5421.8,110.8,47.4,3.0,2.34,0.011232,278.07,6.68231172,67.95148476,27.60608488,0.159706229,4.282724135,8.5
5422.0,111.0,47.5,5.2,2.34,0.011484,278.07,6.54217494,66.38553911,28.89296518,0.212597394,4.508898314,8.5
5422.2,111.2,47.6,5.9,2.34,0.011474999999999999,278.07,6.40941378,66.38553911,28.89296518,0.212597394,4.508898314,8.5
5422.4,111.4,47.7,4.4,2.34,0.011628,278.07,6.47579436,66.38553911,28.89296518,0.212597394,4.508898314,8.5
5422.6,111.6,47.8,5.7,2.34,0.0115605,278.07,6.57167742,66.38553911,28.89296518,0.212597394,4.508898314,8.5
5422.8,111.8,47.8,3.0,2.34,0.0101745,278.07,6.6306823800000005,66.38553911,28.89296518,0.212597394,4.508898314,8.5
5423.0,112.0,47.9,3.0,2.34,0.01154475,277.927,6.65280924,66.67902086,28.38751909,0.249234718,4.684225329,8.5
5423.2,112.2,48.0,5.9,2.34,0.01192275,278.07,6.5938042800000005,66.67902086,28.38751909,0.249234718,4.684225329,8.5
5423.4,112.4,48.0,4.1,2.34,0.011061,277.927,6.5274237,66.67902086,28.38751909,0.249234718,4.684225329,8.5
5423.6,112.6,48.2,6.8,2.34,0.011745,278.07,6.497921220000001,66.67902086,28.38751909,0.249234718,4.684225329,8.5
5423.8,112.8,48.3,7.7,2.34,0.011661749999999999,278.07,6.372535680000001,66.67902086,28.38751909,0.249234718,4.684225329,8.5
5424.0,113.0,48.4,4.5,2.34,0.0123885,278.07,6.40941378,65.63454461,29.96055758,0.160184432,4.244713378,8.5
5424.2,113.2,48.4,4.4,2.34,0.0121275,278.07,6.68231172,65.63454461,29.96055758,0.160184432,4.244713378,8.5
5424.4,113.4,48.5,4.0,2.34,0.01264725,278.07,6.68231172,65.63454461,29.96055758,0.160184432,4.244713378,8.5
5424.6,113.6,48.6,4.2,2.34,0.01193175,277.927,6.58642866,65.63454461,29.96055758,0.160184432,4.244713378,8.5
5424.8,113.8,48.6,3.9,2.34,0.012114,278.07,6.490545600000001,65.63454461,29.96055758,0.160184432,4.244713378,8.5
5425.0,114.0,48.7,5.2,2.34,0.01203525,278.07,6.40941378,64.71490361,31.28565479,0.128505586,3.870936008,8.5
5425.2,114.2,48.8,5.6,2.34,0.012323250000000001,277.927,6.424165020000001,64.71490361,31.28565479,0.128505586,3.870936008,8.5
5425.4,114.4,48.9,5.6,2.34,0.013158,278.07,6.4831699799999996,64.71490361,31.28565479,0.128505586,3.870936008,8.5
5425.6,114.6,49.0,7.0,2.34,0.013277249999999999,278.07,6.40203816,64.71490361,31.28565479,0.128505586,3.870936008,8.5
5426.0,115.0,49.3,4.6,2.33,0.0122805,281.359,6.7118142,62.17394164,34.65322498,0.111120942,3.061712431,8.5
5426.2,115.2,49.4,4.0,2.33,0.01120275,280.216,6.689687340000001,62.17394164,34.65322498,0.111120942,3.061712431,8.5
5426.4,115.4,49.5,3.0,2.33,0.011996999999999999,280.502,6.733941060000001,62.17394164,34.65322498,0.111120942,3.061712431,8.5
5426.6,115.6,49.5,4.7,2.33,0.01202175,281.073,6.564301800000001,62.17394164,34.65322498,0.111120942,3.061712431,8.5
5426.8,115.8,49.6,4.5,2.33,0.0125685,281.216,6.615931140000001,62.17394164,34.65322498,0.111120942,3.061712431,8.5
5427.0,116.0,49.7,5.3,2.33,0.012519,281.359,6.549550560000001,66.28846862,30.74329458,0.148314718,2.819922082,8.5
5427.2,116.2,49.8,4.3,2.33,0.01275525,281.073,6.6306823800000005,66.28846862,30.74329458,0.148314718,2.819922082,8.5
5427.4,116.4,49.8,4.4,2.34,0.013059,281.502,6.66018486,66.28846862,30.74329458,0.148314718,2.819922082,8.5
5427.6,116.6,49.9,4.5,2.34,0.01336275,281.073,6.608555520000001,66.28846862,30.74329458,0.148314718,2.819922082,8.5
5427.8,116.8,50.0,5.4,2.34,0.0134595,281.216,6.64543362,66.28846862,30.74329458,0.148314718,2.819922082,8.5
5428.0,117.0,50.1,5.5,2.34,0.01343025,281.216,6.54217494,65.22998825,30.32701519,0.222309525,4.220687027,8.5
5428.2,117.2,50.2,5.2,2.34,0.01239975,280.216,6.689687340000001,65.22998825,30.32701519,0.222309525,4.220687027,8.5
5428.4,117.4,50.2,3.6,2.34,0.011718,281.216,6.7118142,65.22998825,30.32701519,0.222309525,4.220687027,8.5
5428.6,117.6,50.3,3.8,2.34,0.01250775,281.645,6.65280924,65.22998825,30.32701519,0.222309525,4.220687027,8.5
5428.8,117.8,50.4,4.3,2.34,0.013018499999999999,285.363,6.6011799,65.22998825,30.32701519,0.222309525,4.220687027,8.5
5429.0,118.0,50.5,4.5,2.34,0.0132345,285.363,6.674936100000001,64.75718421,31.41030526,0.174877947,3.657632578,8.5
5429.2,118.2,50.5,4.0,2.34,0.01361025,285.363,6.66756048,64.75718421,31.41030526,0.174877947,3.657632578,8.5
5429.4,118.4,50.6,4.5,2.34,0.0128115,284.363,6.71918982,64.75718421,31.41030526,0.174877947,3.657632578,8.5
5429.6,118.6,50.7,3.4,2.34,0.013365,285.363,6.68231172,64.75718421,31.41030526,0.174877947,3.657632578,8.5
5429.8,118.8,50.7,3.4,2.34,0.014076,285.363,6.608555520000001,64.75718421,31.41030526,0.174877947,3.657632578,8.5
5430.0,119.0,50.8,4.7,2.34,0.0143325,285.363,6.5569261800000005,63.89494794,31.64444878,0.12235756,4.338245723,8.5
5430.2,119.2,50.9,4.3,2.34,0.014485499999999998,285.363,6.57167742,63.89494794,31.64444878,0.12235756,4.338245723,8.5
5430.4,119.4,51.0,6.2,2.34,0.014737499999999999,285.363,6.453667500000001,63.89494794,31.64444878,0.12235756,4.338245723,8.5
5430.6,119.6,51.1,5.0,2.34,0.014487749999999999,285.363,6.490545600000001,63.89494794,31.64444878,0.12235756,4.338245723,8.5
5430.8,119.8,51.1,4.1,2.34,0.01443825,285.363,6.623306760000001,63.89494794,31.64444878,0.12235756,4.338245723,8.5
5431.0,120.0,51.2,4.5,2.34,0.014480999999999999,285.363,6.615931140000001,64.54366075,31.67846505,0.156478402,3.621395798,8.5
5431.2,120.2,51.3,4.3,2.34,0.01386,285.363,6.549550560000001,64.54366075,31.67846505,0.156478402,3.621395798,8.5
5431.4,120.4,51.3,3.5,2.35,0.014017499999999999,285.363,6.53479932,64.54366075,31.67846505,0.156478402,3.621395798,8.5
5431.6,120.6,51.4,5.4,2.35,0.014544,285.363,6.53479932,64.54366075,31.67846505,0.156478402,3.621395798,8.5
5431.8,120.8,51.5,3.3,2.35,0.01395225,285.363,6.615931140000001,64.54366075,31.67846505,0.156478402,3.621395798,8.5
5432.0,121.0,51.5,4.4,2.35,0.014917499999999998,285.363,6.5200480800000005,64.30383444,31.40367344,0.168061896,4.124430226,8.5
5432.2,121.2,51.6,4.9,2.35,0.01461375,285.363,6.51267246,64.30383444,31.40367344,0.168061896,4.124430226,8.5
5432.4,121.4,51.7,5.8,2.35,0.01535175,285.363,6.394662540000001,64.30383444,31.40367344,0.168061896,4.124430226,8.5
5432.6,121.6,51.8,4.3,2.35,0.014451750000000001,285.363,6.4831699799999996,64.30383444,31.40367344,0.168061896,4.124430226,8.5
5432.8,121.8,51.9,5.1,2.35,0.0150435,285.363,6.394662540000001,64.30383444,31.40367344,0.168061896,4.124430226,8.5
5433.0,122.0,52.0,6.2,2.35,0.015347249999999998,285.363,6.47579436,57.29473647,38.63250943,0.186330521,3.886423577,8.5
5433.2,122.2,52.1,4.7,2.35,0.01516275,285.363,6.5938042800000005,57.29473647,38.63250943,0.186330521,3.886423577,8.5
5433.4,122.4,52.1,4.4,2.35,0.014928749999999998,285.363,6.47579436,57.29473647,38.63250943,0.186330521,3.886423577,8.5
5433.6,122.6,52.2,5.8,2.35,0.014660999999999999,285.363,6.365160060000001,57.29473647,38.63250943,0.186330521,3.886423577,8.5
5433.8,122.8,52.3,6.0,2.35,0.01474425,285.363,6.33565758,57.29473647,38.63250943,0.186330521,3.886423577,8.5
5434.0,123.0,52.4,5.5,2.35,0.014624999999999999,285.363,6.424165020000001,61.36648427,35.40997442,0.051093491,3.172447827,8.5
5434.2,123.2,52.5,4.5,2.35,0.0145755,285.363,6.51267246,61.36648427,35.40997442,0.051093491,3.172447827,8.5
5434.4,123.4,52.6,4.1,2.35,0.01475775,285.363,6.497921220000001,61.36648427,35.40997442,0.051093491,3.172447827,8.5
5434.6,123.6,52.7,5.3,2.35,0.014463,285.363,6.394662540000001,61.36648427,35.40997442,0.051093491,3.172447827,8.5
5434.8,123.8,52.7,2.7,2.35,0.014447249999999998,285.363,6.58642866,61.36648427,35.40997442,0.051093491,3.172447827,8.5
5435.0,124.0,52.8,4.0,2.35,0.014553000000000002,285.363,6.58642866,60.55898793,34.03957635,0.059606063,5.34182966,8.5
5435.2,124.2,52.9,6.0,2.35,0.014766749999999999,285.363,6.5200480800000005,60.55898793,34.03957635,0.059606063,5.34182966,8.5
5435.4,124.4,53.0,5.9,2.35,0.006561,225.75,4.543381920000001,60.55898793,34.03957635,0.059606063,5.34182966,8.5
5435.6,124.67,53.0,5.0,2.35,0.01208925,284.363,6.2840282400000005,60.55898793,34.03957635,0.059606063,5.34182966,8.5
5435.8,124.8,53.0,3.6,2.35,0.012998250000000001,284.363,6.46841874,60.55898793,34.03957635,0.059606063,5.34182966,8.5
5436.0,125.0,53.1,5.2,2.35,0.0126135,284.506,6.372535680000001,56.53588997,37.93738724,0.1511937,5.375529095,8.5
5436.2,125.2,53.2,5.3,2.35,0.01280925,285.363,6.372535680000001,56.53588997,37.93738724,0.1511937,5.375529095,8.5
5436.4,125.4,53.3,6.4,2.35,0.01319175,285.506,6.313530720000001,56.53588997,37.93738724,0.1511937,5.375529095,8.5
5436.6,125.6,53.4,5.1,2.35,0.01283175,285.506,6.365160060000001,56.53588997,37.93738724,0.1511937,5.375529095,8.5
5436.8,125.8,53.5,7.3,2.35,0.0128025,285.363,6.3430332,56.53588997,37.93738724,0.1511937,5.375529095,8.5
5437.0,126.0,53.6,5.3,2.35,0.012932999999999998,285.506,6.431540640000001,55.14318186,41.1214613,0.121238175,3.614118666,8.5
5437.2,126.2,53.7,7.7,2.35,0.013167,285.363,6.4167894,55.14318186,41.1214613,0.121238175,3.614118666,8.5
5437.4,126.4,53.8,4.3,2.35,0.01246725,285.506,6.35040882,55.14318186,41.1214613,0.121238175,3.614118666,8.5
5437.8,126.8,54.0,5.4,2.35,0.01316475,285.363,6.394662540000001,55.14318186,41.1214613,0.121238175,3.614118666,8.5
5438.0,127.0,54.1,5.8,2.35,0.01311525,285.363,6.46841874,63.79472153,32.43247017,0.135549052,3.637259246,8.5
5438.2,127.2,54.2,6.3,2.35,0.01361925,284.363,6.306155100000001,63.79472153,32.43247017,0.135549052,3.637259246,8.5
5438.4,127.4,54.3,6.1,2.34,0.01356525,280.506,6.22502328,63.79472153,32.43247017,0.135549052,3.637259246,8.5
5438.6,127.6,54.5,8.3,2.34,0.01370925,280.363,6.269277000000001,63.79472153,32.43247017,0.135549052,3.637259246,8.5
5438.8,127.8,54.6,4.8,2.34,0.0129195,280.363,6.490545600000001,63.79472153,32.43247017,0.135549052,3.637259246,8.5
5439.0,128.0,54.6,4.9,2.34,0.0128925,280.506,6.3209063400000005,63.82860922,31.42215163,0.166379963,4.582859191,8.5
5439.2,128.2,54.8,7.9,2.34,0.012683249999999998,280.363,6.158642700000001,63.82860922,31.42215163,0.166379963,4.582859191,8.5
5439.4,128.4,54.8,4.2,2.34,0.0130725,280.363,6.372535680000001,63.82860922,31.42215163,0.166379963,4.582859191,8.5
5439.6,128.6,54.9,5.7,2.34,0.013005,280.363,6.180769560000001,63.82860922,31.42215163,0.166379963,4.582859191,8.5
5439.8,128.8,55.0,6.7,2.34,0.01287,280.363,6.27665262,63.82860922,31.42215163,0.166379963,4.582859191,8.5
5440.0,129.0,55.1,4.9,2.34,0.01274175,280.363,6.27665262,63.03720908,32.97712008,0.20821344,3.777457406,8.5
5440.2,129.2,55.2,5.7,2.34,0.013185,280.363,6.2471501400000005,63.03720908,32.97712008,0.20821344,3.777457406,8.5
5440.4,129.4,55.3,7.1,2.34,0.01356075,280.506,6.11438898,63.03720908,32.97712008,0.20821344,3.777457406,8.5
5440.6,129.6,55.4,5.2,2.34,0.009234,276.645,5.723481120000001,63.03720908,32.97712008,0.20821344,3.777457406,8.5
5440.8,129.8,55.5,5.5,2.34,0.0163395,280.363,6.3430332,63.03720908,32.97712008,0.20821344,3.777457406,8.5
5441.0,130.0,55.6,6.4,2.34,0.015957,280.506,6.47579436,65.47067945,30.76074122,0.033043765,3.735535567,8.5
5441.2,130.2,55.7,4.8,2.34,0.016389,280.363,6.57167742,65.47067945,30.76074122,0.033043765,3.735535567,8.5
5441.4,130.4,55.8,6.3,2.34,0.01415925,280.363,6.35040882,65.47067945,30.76074122,0.033043765,3.735535567,8.5
5441.6,130.6,55.9,5.1,2.34,0.01369575,280.506,6.490545600000001,65.47067945,30.76074122,0.033043765,3.735535567,8.5
5441.8,130.8,56.0,4.6,2.34,0.013851,280.363,6.46104312,65.47067945,30.76074122,0.033043765,3.735535567,8.5
5442.0,131.0,56.1,6.5,2.34,0.0142695,280.363,6.453667500000001,65.33577988,31.03397044,0.006266961,3.623982718,8.5
5442.2,131.2,56.2,5.8,2.34,0.01412775,280.363,6.29140386,65.33577988,31.03397044,0.006266961,3.623982718,8.5
5442.4,131.4,56.3,5.5,2.34,0.014413500000000001,280.363,6.35778444,65.33577988,31.03397044,0.006266961,3.623982718,8.5
5442.6,131.6,56.4,5.7,2.33,0.014202,280.363,6.505296840000001,65.33577988,31.03397044,0.006266961,3.623982718,8.5
5442.8,131.8,56.4,4.6,2.34,0.014615999999999999,280.506,6.431540640000001,65.33577988,31.03397044,0.006266961,3.623982718,8.5
5443.0,132.0,56.6,6.7,2.33,0.014624999999999999,280.363,6.5569261800000005,65.9506931,30.37592294,0.044493683,3.628890272,8.5
5443.2,132.2,56.6,4.1,2.33,0.01375875,280.363,6.453667500000001,65.9506931,30.37592294,0.044493683,3.628890272,8.5
5443.4,132.4,56.7,4.8,2.34,0.014895,280.363,6.66018486,65.9506931,30.37592294,0.044493683,3.628890272,8.5
5443.6,132.6,56.8,4.6,2.34,0.013869,280.363,6.47579436,65.9506931,30.37592294,0.044493683,3.628890272,8.5
5443.8,132.8,56.9,4.6,2.34,0.013873499999999999,280.363,6.497921220000001,65.9506931,30.37592294,0.044493683,3.628890272,8.5
5444.0,133.0,56.9,4.7,2.34,0.01369125,280.506,6.47579436,67.9462942,28.34088943,0.022055749,3.690760624,8.5
5444.2,133.2,57.0,5.4,2.34,0.014013,280.363,6.38728692,67.9462942,28.34088943,0.022055749,3.690760624,8.5
5444.4,133.4,57.1,4.8,2.34,0.01492425,280.363,6.57167742,67.9462942,28.34088943,0.022055749,3.690760624,8.5
5444.6,133.6,57.2,4.5,2.34,0.01474875,280.363,6.51267246,67.9462942,28.34088943,0.022055749,3.690760624,8.5
5444.8,133.8,57.3,4.7,2.34,0.014978249999999999,280.363,6.6011799,67.9462942,28.34088943,0.022055749,3.690760624,8.5
5445.0,134.0,57.3,4.9,2.34,0.01533825,280.506,6.490545600000001,68.82162988,28.07792232,0.120498343,2.979949457,8.5
5445.2,134.2,57.4,5.1,2.34,0.015448499999999999,280.363,6.44629188,68.82162988,28.07792232,0.120498343,2.979949457,8.5
5445.4,134.4,57.5,4.7,2.34,0.01536075,280.363,6.51267246,68.82162988,28.07792232,0.120498343,2.979949457,8.5
5445.6,134.6,57.6,6.4,2.34,0.015446250000000002,280.506,6.47579436,68.82162988,28.07792232,0.120498343,2.979949457,8.5
5445.8,134.8,57.7,5.4,2.34,0.006669,280.363,5.797237320000001,68.82162988,28.07792232,0.120498343,2.979949457,8.5
5446.0,135.0,57.8,5.8,2.34,0.013491,279.363,6.3430332,68.95676532,27.35628375,0.019629647,3.66732129,8.5
5446.2,135.2,57.9,5.7,2.34,0.013639499999999999,280.506,6.328281960000001,68.95676532,27.35628375,0.019629647,3.66732129,8.5
5446.4,135.4,58.0,5.0,2.34,0.0135945,280.363,6.35778444,68.95676532,27.35628375,0.019629647,3.66732129,8.5
5446.6,135.6,58.1,5.6,2.34,0.01375425,280.363,6.40941378,68.95676532,27.35628375,0.019629647,3.66732129,8.5
5446.8,135.8,58.2,5.5,2.34,0.013329,280.363,6.2471501400000005,68.95676532,27.35628375,0.019629647,3.66732129,8.5
5447.0,136.0,58.3,6.1,2.33,0.0136845,280.506,6.239774520000001,65.96500388,30.19252188,0.101482015,3.740992217,8.5
5447.2,136.2,58.3,4.3,2.33,0.015486749999999999,280.363,6.394662540000001,65.96500388,30.19252188,0.101482015,3.740992217,8.5
5447.4,136.4,58.4,5.8,2.33,0.0160785,280.363,6.40941378,65.96500388,30.19252188,0.101482015,3.740992217,8.5
5447.6,136.6,58.5,6.3,2.33,0.01605375,280.506,6.379911300000001,65.96500388,30.19252188,0.101482015,3.740992217,8.5
5447.8,136.8,58.7,8.0,2.33,0.01614375,280.363,6.2471501400000005,65.96500388,30.19252188,0.101482015,3.740992217,8.5
5448.0,137.0,58.7,4.3,2.33,0.0159435,280.506,6.46104312,69.36786394,27.22297045,0.11625279,3.292912819,8.5
5448.2,137.2,58.8,4.5,2.33,0.01591875,280.363,6.47579436,69.36786394,27.22297045,0.11625279,3.292912819,8.5
5448.4,137.4,58.9,5.2,2.33,0.01593225,280.363,6.5569261800000005,69.36786394,27.22297045,0.11625279,3.292912819,8.5
5448.6,137.6,59.0,3.8,2.33,0.015560999999999998,280.363,6.5274237,69.36786394,27.22297045,0.11625279,3.292912819,8.5
5448.8,137.8,59.1,5.8,2.33,0.01635075,280.363,6.497921220000001,69.36786394,27.22297045,0.11625279,3.292912819,8.5
5449.0,138.0,59.1,4.8,2.33,0.01557675,280.506,6.431540640000001,70.87720742,25.14380444,0.219657786,3.759330354,8.5
5449.2,138.2,59.2,4.5,2.33,0.016245,280.363,6.51267246,70.87720742,25.14380444,0.219657786,3.759330354,8.5
5449.4,138.4,59.3,5.1,2.33,0.0160785,280.363,6.549550560000001,70.87720742,25.14380444,0.219657786,3.759330354,8.5
5449.6,138.6,59.4,4.7,2.33,0.01612575,280.363,6.431540640000001,70.87720742,25.14380444,0.219657786,3.759330354,8.5
5449.8,138.8,59.5,5.2,2.33,0.00952875,280.506,5.8636179,70.87720742,25.14380444,0.219657786,3.759330354,8.5
5450.0,139.0,59.5,3.5,2.34,0.01633275,280.363,6.615931140000001,67.87872523,28.55612902,0.107733553,3.457412201,8.5
5450.2,139.2,59.6,3.9,2.34,0.017136,280.363,6.51267246,67.87872523,28.55612902,0.107733553,3.457412201,8.5
5450.4,139.4,59.7,4.2,2.34,0.018110249999999998,280.363,6.66756048,67.87872523,28.55612902,0.107733553,3.457412201,8.5
5450.6,139.6,59.7,3.7,2.34,0.017905499999999998,280.506,6.5274237,67.87872523,28.55612902,0.107733553,3.457412201,8.5
5450.8,139.8,59.8,5.1,2.34,0.0178875,280.363,6.615931140000001,67.87872523,28.55612902,0.107733553,3.457412201,8.5
5451.0,140.0,59.9,4.9,2.34,0.017392499999999998,280.363,6.608555520000001,58.54907512,38.40606795,0.059464083,2.985392845,8.5
5451.2,140.2,59.9,3.8,2.34,0.016688249999999998,280.363,6.431540640000001,58.54907512,38.40606795,0.059464083,2.985392845,8.5
5451.4,140.4,60.1,6.5,2.34,0.0171765,280.363,6.46104312,58.54907512,38.40606795,0.059464083,2.985392845,8.5
5451.6,140.6,60.1,5.1,2.34,0.01641375,280.506,6.438916260000001,58.54907512,38.40606795,0.059464083,2.985392845,8.5
5451.8,140.8,60.2,3.9,2.34,0.01625175,280.363,6.40941378,58.54907512,38.40606795,0.059464083,2.985392845,8.5
5452.0,141.0,60.3,4.1,2.34,0.01796175,280.363,6.5274237,66.20170077,30.86106308,0.073069548,2.864166608,8.5
5452.2,141.2,60.4,6.3,2.34,0.017397,280.363,6.438916260000001,66.20170077,30.86106308,0.073069548,2.864166608,8.5
5452.4,141.4,60.5,4.9,2.34,0.017676,280.506,6.40941378,66.20170077,30.86106308,0.073069548,2.864166608,8.5
5452.6,141.6,60.5,5.1,2.34,0.017793,280.363,6.490545600000001,66.20170077,30.86106308,0.073069548,2.864166608,8.5
5452.8,141.8,60.6,4.1,2.34,0.0171945,280.363,6.5274237,66.20170077,30.86106308,0.073069548,2.864166608,8.5
5453.0,142.0,60.7,5.8,2.34,0.01721475,280.363,6.4831699799999996,69.02317514,27.51699013,0.166354227,3.293480505,8.5
5453.2,142.2,60.8,5.6,2.34,0.01716075,280.363,6.40941378,69.02317514,27.51699013,0.166354227,3.293480505,8.5
5453.4,142.4,60.9,5.0,2.34,0.01593,280.506,6.379911300000001,69.02317514,27.51699013,0.166354227,3.293480505,8.5
5453.6,142.6,61.0,3.9,2.34,0.016812,280.363,6.46841874,69.02317514,27.51699013,0.166354227,3.293480505,8.5
5453.8,142.8,61.0,5.1,2.34,0.017136,280.363,6.46841874,69.02317514,27.51699013,0.166354227,3.293480505,8.5
5454.0,143.0,61.2,6.8,2.34,0.016384499999999996,280.363,6.394662540000001,65.26148885,31.48621987,0.185246896,3.067044382,8.5
5454.2,143.2,61.2,3.7,2.34,0.015858,280.363,6.328281960000001,65.26148885,31.48621987,0.185246896,3.067044382,8.5
5454.4,143.4,61.3,3.7,2.34,0.016728749999999997,280.506,6.35778444,65.26148885,31.48621987,0.185246896,3.067044382,8.5
5454.6,143.6,61.4,5.0,2.34,0.018560249999999997,280.363,6.490545600000001,65.26148885,31.48621987,0.185246896,3.067044382,8.5
5454.8,143.8,61.5,6.5,2.34,0.01881675,280.506,6.44629188,65.26148885,31.48621987,0.185246896,3.067044382,8.5
5455.0,144.0,61.5,4.6,2.34,0.005949,268.637,5.8267398,63.91728746,32.31991718,0.063032353,3.699763,8.5
5455.2,144.2,61.6,5.2,2.34,0.01689525,278.363,6.438916260000001,63.91728746,32.31991718,0.063032353,3.699763,8.5
5455.4,144.4,61.7,5.3,2.34,0.016265250000000002,280.363,6.47579436,63.91728746,32.31991718,0.063032353,3.699763,8.5
5455.6,144.6,61.8,4.1,2.34,0.015957,280.506,6.328281960000001,63.91728746,32.31991718,0.063032353,3.699763,8.5
5455.8,144.8,61.9,6.1,2.34,0.01707075,280.363,6.40203816,63.91728746,32.31991718,0.063032353,3.699763,8.5
5456.0,145.0,62.0,5.0,2.34,0.01613925,280.506,6.4831699799999996,67.79190655,27.04746446,0.161925573,4.998703416,8.5
5456.2,145.2,62.0,3.3,2.34,0.006916499999999999,263.207,5.59809558,67.79190655,27.04746446,0.161925573,4.998703416,8.5
5456.4,145.4,62.1,4.2,2.34,0.0167625,280.363,6.53479932,67.79190655,27.04746446,0.161925573,4.998703416,8.5
5456.6,145.6,62.2,4.5,2.34,0.01571175,280.506,6.490545600000001,67.79190655,27.04746446,0.161925573,4.998703416,8.5
5456.8,145.8,62.2,3.7,2.34,0.016137,280.506,6.51267246,67.79190655,27.04746446,0.161925573,4.998703416,8.5
5457.0,146.0,62.3,4.0,2.34,0.016415999999999997,280.363,6.453667500000001,66.0233411,29.63536865,0.102701587,4.238588664,8.5
5457.2,146.2,62.4,4.9,2.34,0.0172215,280.506,6.394662540000001,66.0233411,29.63536865,0.102701587,4.238588664,8.5
5457.4,146.4,62.5,4.2,2.34,0.0174285,280.506,6.431540640000001,66.0233411,29.63536865,0.102701587,4.238588664,8.5
5457.6,146.6,62.5,4.8,2.34,0.017712,280.506,6.3430332,66.0233411,29.63536865,0.102701587,4.238588664,8.5
5457.8,146.8,62.7,7.4,2.34,0.0178695,280.506,6.313530720000001,66.0233411,29.63536865,0.102701587,4.238588664,8.5
5458.0,147.0,62.7,5.2,2.34,0.016965,280.506,6.372535680000001,66.577268,28.45272993,0.109273374,4.860728697,8.5
5458.2,147.2,62.8,4.5,2.34,0.01800225,280.506,6.40203816,66.577268,28.45272993,0.109273374,4.860728697,8.5
5458.4,147.4,62.9,4.7,2.34,0.019050749999999998,280.363,6.3430332,66.577268,28.45272993,0.109273374,4.860728697,8.5
5458.6,147.6,63.0,6.8,2.34,0.01851525,280.506,6.453667500000001,66.577268,28.45272993,0.109273374,4.860728697,8.5
5458.8,147.8,63.1,4.8,2.34,0.01798425,280.506,6.424165020000001,66.577268,28.45272993,0.109273374,4.860728697,8.5
5459.0,148.0,63.2,4.4,2.34,0.01872,280.363,6.38728692,64.54498916,31.75514367,0.065911033,3.633956143,8.5
5459.2,148.2,63.3,5.8,2.34,0.019518749999999998,280.363,6.453667500000001,64.54498916,31.75514367,0.065911033,3.633956143,8.5
5459.4,148.4,63.3,5.6,2.34,0.01963125,280.363,6.453667500000001,64.54498916,31.75514367,0.065911033,3.633956143,8.5
5459.6,148.6,63.5,8.4,2.34,0.019338750000000002,280.363,6.3209063400000005,64.54498916,31.75514367,0.065911033,3.633956143,8.5
5459.8,148.8,63.6,5.9,2.34,0.01832175,280.506,6.10701336,64.54498916,31.75514367,0.065911033,3.633956143,8.5
5460.0,149.0,63.7,8.3,2.34,0.018647999999999998,280.506,6.158642700000001,65.07895786,31.43856264,0.089855891,3.392623615,8.5
5460.2,149.2,63.8,6.4,2.34,0.0187335,280.363,6.195520800000001,65.07895786,31.43856264,0.089855891,3.392623615,8.5
5460.4,149.4,63.9,4.6,2.34,0.0135945,280.506,5.834115420000001,65.07895786,31.43856264,0.089855891,3.392623615,8.5
5460.6,149.6,64.0,4.5,2.34,0.01945575,280.506,6.6011799,65.07895786,31.43856264,0.089855891,3.392623615,8.5
5460.8,149.8,64.1,4.4,2.34,0.01920375,280.363,6.4831699799999996,65.07895786,31.43856264,0.089855891,3.392623615,8.5
5461.0,150.0,64.1,3.8,2.34,0.018765,280.363,6.615931140000001,63.12399043,33.02316751,0.172642481,3.680199575,8.5
5461.2,150.2,64.2,3.0,2.34,0.019340999999999997,280.363,6.6306823800000005,63.12399043,33.02316751,0.172642481,3.680199575,8.5
5461.4,150.4,64.2,3.3,2.34,0.019683,280.506,6.579053040000001,63.12399043,33.02316751,0.172642481,3.680199575,8.5
5461.6,150.6,64.3,6.7,2.34,0.02000025,280.363,6.46841874,63.12399043,33.02316751,0.172642481,3.680199575,8.5
5461.8,150.8,64.4,4.1,2.34,0.01972125,280.506,6.5274237,63.12399043,33.02316751,0.172642481,3.680199575,8.5
5462.0,151.0,64.5,6.2,2.34,0.0197595,280.506,6.4167894,65.74629699,31.18747741,0.076947637,2.989277963,8.5
5462.2,151.2,64.6,4.3,2.34,0.019160999999999997,280.506,6.47579436,65.74629699,31.18747741,0.076947637,2.989277963,8.5
5462.4,151.4,64.6,4.1,2.34,0.019192499999999998,283.363,6.549550560000001,65.74629699,31.18747741,0.076947637,2.989277963,8.5
5462.6,151.6,64.7,6.0,2.34,0.01925775,285.506,6.47579436,65.74629699,31.18747741,0.076947637,2.989277963,8.5
5462.8,151.8,64.8,5.5,2.34,0.01884375,285.363,6.54217494,65.74629699,31.18747741,0.076947637,2.989277963,8.5
5463.0,152.0,64.9,6.1,2.34,0.01851075,286.65,6.27665262,65.47589659,31.23918722,0.122992252,3.161923931,8.5
5463.2,152.2,65.1,6.7,2.34,0.0187515,289.653,6.38728692,65.47589659,31.23918722,0.122992252,3.161923931,8.5
5463.4,152.4,65.1,3.8,2.34,0.018193499999999998,289.653,6.505296840000001,65.47589659,31.23918722,0.122992252,3.161923931,8.5
5463.6,152.6,65.2,5.2,2.34,0.01885725,289.653,6.46104312,65.47589659,31.23918722,0.122992252,3.161923931,8.5
5463.8,152.8,65.3,6.5,2.34,0.01932075,289.653,6.379911300000001,65.47589659,31.23918722,0.122992252,3.161923931,8.5
5464.2,153.2,65.5,2.5,2.34,0.012039749999999998,284.796,6.09963774,65.28991625,31.34558143,0.111233991,3.253268331,8.5
5464.4,153.4,65.6,6.9,2.34,0.013941,283.796,6.2840282400000005,65.28991625,31.34558143,0.111233991,3.253268331,8.5
5464.6,153.6,65.7,7.3,2.34,0.012867749999999999,284.653,6.16601832,65.28991625,31.34558143,0.111233991,3.253268331,8.5
5464.8,153.8,65.8,4.9,2.34,0.01467675,288.653,6.35040882,65.28991625,31.34558143,0.111233991,3.253268331,8.5
5465.0,154.0,65.9,8.2,2.34,0.01464525,289.653,6.4167894,64.97728004,30.88975135,0.102077484,4.030891133,8.5
5465.2,154.2,66.0,5.9,2.33,0.014098499999999998,289.796,6.38728692,64.97728004,30.88975135,0.102077484,4.030891133,8.5
5465.4,154.4,66.2,6.7,2.33,0.013977,289.653,6.5274237,64.97728004,30.88975135,0.102077484,4.030891133,8.5
5465.8,154.8,66.4,6.3,2.33,0.011871,289.653,6.438916260000001,64.97728004,30.88975135,0.102077484,4.030891133,8.5
5466.0,155.0,66.5,5.5,2.33,0.0113355,289.653,6.431540640000001,62.14156789,34.38123186,0.104896331,3.372303924,8.5
5466.2,155.2,66.6,7.2,2.33,0.01395675,289.653,6.372535680000001,62.14156789,34.38123186,0.104896331,3.372303924,8.5
5466.4,155.4,66.7,4.7,2.33,0.01506825,289.653,6.431540640000001,62.14156789,34.38123186,0.104896331,3.372303924,8.5
5466.6,155.6,66.9,7.9,2.33,0.014640749999999998,289.653,6.564301800000001,62.14156789,34.38123186,0.104896331,3.372303924,8.5
5466.8,155.8,67.0,5.8,2.33,0.0150435,289.653,6.5938042800000005,62.14156789,34.38123186,0.104896331,3.372303924,8.5
5467.0,156.0,67.1,5.9,2.33,0.01300725,289.653,6.638058000000001,66.587169,29.91627511,0.026167066,3.470388819,8.5
5467.2,156.2,67.1,4.1,2.33,0.014460749999999998,289.653,6.689687340000001,66.587169,29.91627511,0.026167066,3.470388819,8.5
5467.4,156.4,67.2,7.1,2.33,0.01468125,289.653,6.58642866,66.587169,29.91627511,0.026167066,3.470388819,8.5
5467.6,156.6,67.3,3.3,2.33,0.013968,289.653,6.58642866,66.587169,29.91627511,0.026167066,3.470388819,8.5
5467.8,156.8,67.4,6.1,2.33,0.014409000000000002,289.653,6.623306760000001,66.587169,29.91627511,0.026167066,3.470388819,8.5
5468.0,157.0,67.5,4.4,2.33,0.0142965,289.653,6.704438580000001,67.48061936,28.74934625,0.206521052,3.563513338,8.5
5468.2,157.2,67.5,4.2,2.33,0.014627250000000001,289.653,6.65280924,67.48061936,28.74934625,0.206521052,3.563513338,8.5
5468.4,157.4,67.6,6.1,2.33,0.014877000000000001,289.653,6.5938042800000005,67.48061936,28.74934625,0.206521052,3.563513338,8.5
5468.6,157.6,67.7,5.9,2.33,0.013248,289.653,6.5274237,67.48061936,28.74934625,0.206521052,3.563513338,8.5
5468.8,157.8,67.8,4.6,2.33,0.014654249999999999,289.653,6.638058000000001,67.48061936,28.74934625,0.206521052,3.563513338,8.5
5469.0,158.0,67.9,5.7,2.33,0.01510875,289.653,6.615931140000001,66.15246324,30.2907776,0.058916959,3.4978422,8.5
5469.2,158.2,68.0,5.4,2.33,0.0157995,289.796,6.638058000000001,66.15246324,30.2907776,0.058916959,3.4978422,8.5
5469.4,158.4,68.1,4.6,2.33,0.015761249999999997,289.653,6.53479932,66.15246324,30.2907776,0.058916959,3.4978422,8.5
5469.6,158.6,68.2,6.3,2.33,0.01662975,289.653,6.608555520000001,66.15246324,30.2907776,0.058916959,3.4978422,8.5
5469.8,158.8,68.3,5.7,2.33,0.015290999999999999,289.653,6.763443540000001,66.15246324,30.2907776,0.058916959,3.4978422,8.5
5470.0,159.0,68.3,3.4,2.33,0.01581075,289.653,6.72656544,71.27502715,24.95373977,0.148247848,3.62298524,8.5
5470.2,159.2,68.4,4.4,2.33,0.01583325,289.653,6.66756048,71.27502715,24.95373977,0.148247848,3.62298524,8.5
5470.4,159.4,68.5,4.3,2.33,0.01619325,289.653,6.7118142,71.27502715,24.95373977,0.148247848,3.62298524,8.5
5470.6,159.6,68.5,3.3,2.33,0.0163755,289.653,6.689687340000001,71.27502715,24.95373977,0.148247848,3.62298524,8.5
5470.8,159.8,68.6,4.5,2.33,0.015578999999999999,289.653,6.763443540000001,71.27502715,24.95373977,0.148247848,3.62298524,8.5
5471.0,160.0,68.7,2.8,2.33,0.01637325,288.653,6.7855704,68.56048204,28.20018143,0.114378214,3.124958311,8.5
5471.2,160.2,68.7,5.1,2.33,0.016859250000000003,289.653,6.453667500000001,68.56048204,28.20018143,0.114378214,3.124958311,8.5
5471.4,160.4,68.9,7.0,2.33,0.01703925,289.653,6.4831699799999996,68.56048204,28.20018143,0.114378214,3.124958311,8.5
5471.6,160.6,69.0,7.5,2.33,0.010881,289.653,6.143891460000001,68.56048204,28.20018143,0.114378214,3.124958311,8.5
5471.8,160.8,69.1,4.6,2.33,0.016004249999999998,289.653,6.6306823800000005,68.56048204,28.20018143,0.114378214,3.124958311,8.5
5472.0,161.02,69.2,7.3,2.33,0.014845500000000001,289.653,6.46841874,65.37259007,30.04227717,0.198572762,4.386559992,8.5
5472.2,161.2,69.3,4.6,2.33,0.013965749999999999,289.653,6.5200480800000005,65.37259007,30.04227717,0.198572762,4.386559992,8.5
5472.4,161.4,69.3,2.2,2.33,0.01522125,289.653,6.68231172,65.37259007,30.04227717,0.198572762,4.386559992,8.5
5472.6,161.6,69.4,5.3,2.33,0.016290000000000002,289.653,6.549550560000001,65.37259007,30.04227717,0.198572762,4.386559992,8.5
5472.8,161.8,69.5,6.6,2.33,0.0168975,289.653,6.65280924,65.37259007,30.04227717,0.198572762,4.386559992,8.5
5473.0,162.0,69.6,5.0,2.33,0.01575,289.653,6.638058000000001,66.42624964,28.95001257,0.171701473,4.452036317,8.5
5473.2,162.2,69.6,3.8,2.33,0.0151875,289.51,6.733941060000001,66.42624964,28.95001257,0.171701473,4.452036317,8.5
5473.4,162.4,69.7,3.8,2.33,0.01584675,289.653,6.733941060000001,66.42624964,28.95001257,0.171701473,4.452036317,8.5
5473.6,162.6,69.8,5.2,2.33,0.015138,289.653,6.5200480800000005,66.42624964,28.95001257,0.171701473,4.452036317,8.5
5473.8,162.8,69.9,5.7,2.33,0.0156465,289.653,6.5274237,66.42624964,28.95001257,0.171701473,4.452036317,8.5
5474.0,163.0,70.0,6.6,2.33,0.01569825,289.653,6.40203816,59.70105492,29.16389551,0.224811816,10.91023776,8.5
5474.2,163.2,70.1,6.3,2.33,0.0157815,289.653,6.505296840000001,59.70105492,29.16389551,0.224811816,10.91023776,8.5
5474.4,163.4,70.2,6.3,2.33,0.01563975,289.653,6.579053040000001,59.70105492,29.16389551,0.224811816,10.91023776,8.5
5474.6,163.6,70.3,7.0,2.33,0.013743,289.653,6.549550560000001,59.70105492,29.16389551,0.224811816,10.91023776,8.5
5474.8,163.8,70.4,3.3,2.33,0.012834,289.653,6.64543362,59.70105492,29.16389551,0.224811816,10.91023776,8.5
5475.0,164.0,70.5,4.6,2.33,0.015178499999999998,289.653,6.608555520000001,56.88193043,29.63301688,0.093149741,13.39190295,8.5
5475.2,164.2,70.5,4.7,2.33,0.01414125,289.653,6.733941060000001,56.88193043,29.63301688,0.093149741,13.39190295,8.5
5475.4,164.4,70.6,3.9,2.33,0.015543,289.653,6.77819478,56.88193043,29.63301688,0.093149741,13.39190295,8.5
5475.6,164.6,70.7,4.3,2.33,0.015534000000000001,289.653,6.6306823800000005,56.88193043,29.63301688,0.093149741,13.39190295,8.5
5476.0,165.0,71.0,7.8,2.32,0.01127025,289.653,6.3430332,55.86131266,30.1851706,0.106570404,13.84694634,8.5
5476.4,165.4,71.3,8.1,2.32,0.01057275,289.653,6.269277000000001,55.86131266,30.1851706,0.106570404,13.84694634,8.5
5476.6,165.6,71.4,6.5,2.32,0.00612225,289.653,5.8488666600000006,55.86131266,30.1851706,0.106570404,13.84694634,8.5
5476.8,165.8,71.5,4.0,2.32,0.011792249999999999,289.653,6.313530720000001,55.86131266,30.1851706,0.106570404,13.84694634,8.5
5477.0,166.0,71.5,4.5,2.32,0.01412775,289.653,6.490545600000001,51.00744004,29.54731752,0.098713673,19.34652877,8.5
5477.2,166.2,71.6,6.4,2.32,0.01407825,289.51,6.27665262,51.00744004,29.54731752,0.098713673,19.34652877,8.5
5477.4,166.4,71.8,8.1,2.32,0.01638,289.653,6.394662540000001,51.00744004,29.54731752,0.098713673,19.34652877,8.5
5477.6,166.6,71.9,4.6,2.32,0.01472625,289.51,6.505296840000001,51.00744004,29.54731752,0.098713673,19.34652877,8.5
5477.8,166.8,72.0,6.7,2.32,0.015092999999999999,289.653,6.54217494,51.00744004,29.54731752,0.098713673,19.34652877,8.5
5478.0,167.0,72.0,2.4,2.32,0.013943249999999999,284.51,6.33565758,59.0966866,30.81725397,0.12066521,9.965394228,8.5
5478.2,167.2,72.1,7.5,2.32,0.01554525,284.51,6.365160060000001,59.0966866,30.81725397,0.12066521,9.965394228,8.5
5478.4,167.4,72.2,6.7,2.32,0.01536525,284.51,6.3430332,59.0966866,30.81725397,0.12066521,9.965394228,8.5
5478.6,167.6,72.4,7.2,2.32,0.015691499999999997,284.51,6.158642700000001,59.0966866,30.81725397,0.12066521,9.965394228,8.5
5478.8,167.8,72.5,8.5,2.31,0.016071750000000003,284.51,6.158642700000001,59.0966866,30.81725397,0.12066521,9.965394228,8.5
5479.0,168.0,72.6,5.4,2.31,0.016668,284.51,6.394662540000001,56.43686942,30.16348399,0.067556518,13.33209007,8.5
5479.2,168.2,72.7,6.2,2.31,0.017163,284.653,6.35040882,56.43686942,30.16348399,0.067556518,13.33209007,8.5
5479.4,168.4,72.8,5.9,2.31,0.017034749999999998,284.51,6.438916260000001,56.43686942,30.16348399,0.067556518,13.33209007,8.5
5479.6,168.6,72.9,5.6,2.31,0.0173115,284.653,6.4167894,56.43686942,30.16348399,0.067556518,13.33209007,8.5
5479.8,168.8,73.0,5.7,2.31,0.015876,284.653,6.35778444,56.43686942,30.16348399,0.067556518,13.33209007,8.5
5480.0,169.0,73.1,4.6,2.31,0.017203499999999997,284.653,6.5200480800000005,58.16309709,22.71131056,0.114142456,19.01144989,8.5
5480.2,169.2,73.2,5.7,2.31,0.01749375,284.653,6.608555520000001,58.16309709,22.71131056,0.114142456,19.01144989,8.5
5480.4,169.4,73.3,6.6,2.31,0.016253999999999998,284.653,6.44629188,58.16309709,22.71131056,0.114142456,19.01144989,8.5
5480.6,169.6,73.3,5.2,2.31,0.01745775,284.653,6.202896420000001,58.16309709,22.71131056,0.114142456,19.01144989,8.5
5480.8,169.8,73.5,8.3,2.31,0.017343,284.51,6.40203816,58.16309709,22.71131056,0.114142456,19.01144989,8.5
