Depth,Interval,Drilling_time,Drilling_hour,ROP,WOB,RPM_Table,RPM_Motor,RPM_Total,TQ_Table,PP,Density,CH%,C1,C2,C3
5311.2,0.2,0.1,6.2,1.96,9.93,8,37.323,45.323,0.63,2,1.39,0.019,0.0115,0.0015,0.006
5311.4,0.41,0.2,5.6,1.99,14.77,65,208.065,273.065,6.02,15,1.45,0.0299,0.0164,0.0016,0.0119
5311.6,0.6,0.3,5.8,1.99,12.46,65,208.065,273.065,5.98,15,1.45,0.0235,0.0138,0.0013,0.0084
5311.8,0.8,0.4,4.5,2.12,9.9,65,208.065,273.065,6.02,15,1.45,0.02,0.0124,0.001,0.0066
5312,1,0.4,4,2.26,13.81,62,208.065,270.065,6.08,15,1.45,0.0212,0.0135,0.0015,0.0062
5312.2,1.2,0.5,5,2.28,19.59,60,208.065,268.065,6.19,15,1.45,0.0211,0.0144,0.0013,0.0054
5312.4,1.4,0.6,5.2,2.29,19.63,60,208.065,268.065,6.19,15,1.45,0.0207,0.0138,0.0014,0.0055
5312.6,1.6,0.7,4.3,2.34,18.77,60,208.065,268.065,6.27,15,1.45,0.0195,0.0133,0.0013,0.0049
5312.8,1.8,0.8,4.6,2.37,19.96,60,208.065,268.065,6.35,15,1.44,0.0186,0.0129,0.0015,0.0042
5313,2,0.8,4.3,2.41,19.1,60,208.065,268.065,6.36,15,1.44,0.0194,0.0136,0.0014,0.0044
5313.2,2.2,0.9,3.6,2.47,20.72,60,208.208,268.208,6.4,15,1.44,0.0203,0.0142,0.0012,0.0049
5313.4,2.4,1,4,2.51,21.74,60,208.065,268.065,6.63,15,1.44,0.0203,0.0139,0.0013,0.0051
5313.6,2.6,1,4.1,2.53,19.29,60,208.065,268.065,6.46,15,1.44,0.0213,0.0144,0.0014,0.0055
5313.8,2.8,1.1,3.8,2.57,20.7,60,208.065,268.065,6.44,15,1.44,0.0152,0.0103,0.0015,0.0034
5314,3,1.1,3,2.63,19.26,60,208.208,268.208,6.48,15,1.44,0.0163,0.0112,0.0013,0.0038
5314.2,3.2,1.2,4,2.65,21.79,59,208.065,267.065,6.65,15,1.44,0.016,0.011,0.0013,0.0037
5314.4,3.4,1.3,3.8,2.68,19.37,60,208.065,268.065,6.53,15,1.44,0.0167,0.0114,0.0014,0.0039
5314.6,3.6,1.3,4.8,2.67,18.37,60,208.065,268.065,6.33,15,1.45,0.0177,0.0121,0.0012,0.0044
5314.8,3.8,1.4,4.4,2.67,17.85,60,208.065,268.065,6.26,15,1.45,0.0168,0.0115,0.0012,0.0041
5315,4,1.5,3.6,2.7,20.72,60,208.065,268.065,6.52,15,1.45,0.0163,0.0113,0.0011,0.0039
5315.2,4.2,1.5,3.2,2.73,19.16,57,208.065,265.065,6.33,15,1.44,0.0212,0.0142,0.0015,0.0055
5315.4,4.4,1.6,4.2,2.74,19.84,55,208.065,263.065,6.31,15,1.44,0.022,0.0144,0.0015,0.0061
5315.6,4.6,1.7,3,2.78,18.27,55,208.065,263.065,6.33,16,1.44,0.0225,0.0148,0.0015,0.0062
5315.8,4.8,1.7,3.4,2.8,20.4,55,208.065,263.065,6.24,16,1.44,0.0249,0.0159,0.0017,0.0073
5316,5,1.8,5.3,2.78,20.13,55,208.065,263.065,6.14,16,1.44,0.0277,0.0172,0.0018,0.0087
5316.2,5.2,1.9,5.4,2.75,30.94,48,132.418,180.418,5.04,14,1.43,0.0379,0.0225,0.0021,0.0133
5316.4,5.4,2,4,2.76,21.15,59,208.065,267.065,6.06,16,1.44,0.0157,0.0102,0.0016,0.0039
5316.6,5.6,2,1.6,2.82,18.02,60,208.065,268.065,5.99,16,1.44,0.0206,0.0129,0.0014,0.0063
5316.8,5.8,2.1,4.6,2.82,31.16,59,208.065,267.065,6.46,16,1.43,0.0235,0.0146,0.0016,0.0073
5317,6,2.1,4,2.82,28.32,59,208.065,267.065,6.25,16,1.43,0.0226,0.0144,0.0017,0.0065
5317.2,6.2,2.2,3.1,2.85,30.35,59,208.065,267.065,6.25,16,1.43,0.0144,0.0101,0.0014,0.0029
5317.4,6.4,2.2,3.5,2.86,34.07,59,208.065,267.065,6.39,16,1.43,0.0207,0.0135,0.0016,0.0056
5317.6,6.6,2.3,4.1,2.86,32.23,59,208.065,267.065,6.29,16,1.43,0.0167,0.0112,0.0012,0.0043
5317.8,6.8,2.4,4.3,2.86,35.27,59,208.065,267.065,6.43,16,1.43,0.0171,0.0115,0.0012,0.0044
5318,7,2.5,4.7,2.85,29.88,59,208.065,267.065,6.25,16,1.43,0.0206,0.0136,0.0015,0.0055
5318.2,7.2,2.5,3.2,2.87,27.37,60,208.065,268.065,6.14,16,1.42,0.0198,0.0132,0.0015,0.0051
5318.4,7.4,2.6,4.7,2.86,33.78,60,208.065,268.065,6.21,16,1.42,0.0174,0.012,0.0012,0.0042
5318.6,7.6,2.7,6.6,2.82,31.67,60,208.065,268.065,6.05,16,1.42,0.018,0.0122,0.0013,0.0045
5318.8,7.8,2.7,2.9,2.84,33.56,60,208.065,268.065,6.07,16,1.42,0.0164,0.0111,0.0015,0.0038
5319,8,2.8,4.5,2.84,35.75,59,208.065,267.065,6.38,16,1.43,0.0173,0.0117,0.0012,0.0044
5319.2,8.2,2.9,4.6,2.83,30.75,59,208.065,267.065,6.26,16,1.44,0.0176,0.0119,0.0012,0.0045
5319.4,8.4,2.9,3.2,2.85,32.09,59,208.065,267.065,6.29,16,1.44,0.0185,0.0125,0.0013,0.0047
5319.6,8.6,3,4,2.85,33.52,60,208.065,268.065,6.3,16,1.44,0.0201,0.0134,0.0014,0.0053
5319.8,8.8,3.1,3.2,2.87,35.86,59,208.065,267.065,6.31,16,1.44,0.021,0.0139,0.0014,0.0057
5320,9,3.2,5.1,2.86,36.41,59,208.065,267.065,6.36,16,1.43,0.0217,0.0143,0.0015,0.0059
5320.2,9.2,3.3,6.4,2.82,32.07,60,208.065,268.065,6.03,16,1.44,0.0221,0.0145,0.0015,0.0061
5320.4,9.4,3.4,7.5,2.78,14.37,35,151.58,186.58,3.52,11,1.43,0.0218,0.0141,0.0014,0.0063
5320.6,9.6,3.5,4.5,2.78,22.84,60,208.065,268.065,6.01,16,1.44,0.0209,0.0137,0.0013,0.0059
5320.8,9.8,3.5,4.6,2.77,30.56,59,208.065,267.065,6.26,16,1.44,0.0204,0.0134,0.0013,0.0057
5321,10,3.6,3.5,2.78,36.07,60,208.065,268.065,6.41,16,1.44,0.0206,0.0136,0.0013,0.0057
5321.2,10.2,3.7,4.8,2.78,35.63,60,208.065,268.065,6.71,16,1.44,0.0202,0.0134,0.0013,0.0055
5321.4,10.4,3.7,3.5,2.79,31.76,60,208.065,268.065,6.6,16,1.44,0.0299,0.0181,0.0021,0.0097
5321.6,10.6,3.8,3.8,2.79,36.34,60,208.065,268.065,6.56,16,1.44,0.0313,0.0182,0.0021,0.011
5321.8,10.8,3.9,4.3,2.79,35.24,60,208.065,268.065,6.42,16,1.44,0.0293,0.0173,0.0019,0.0101
5322,11,3.9,4.1,2.8,35.48,60,208.065,268.065,6.51,16,1.44,0.0202,0.0132,0.0014,0.0056
5322.2,11.2,4,4.8,2.79,33.37,60,208.065,268.065,6.51,16,1.44,0.0175,0.012,0.0012,0.0043
5322.4,11.4,4.1,4.3,2.79,35.95,60,207.922,267.922,6.67,16,1.44,0.0175,0.012,0.0012,0.0043
5322.6,11.6,4.1,2.7,2.81,33.97,60,208.065,268.065,6.61,16,1.44,0.016,0.0113,0.0011,0.0036
5322.8,11.8,4.2,5.5,2.8,36.09,60,208.065,268.065,6.48,16,1.44,0.018,0.0125,0.0013,0.0042
5323,12,4.3,4.3,2.8,36.28,60,208.065,268.065,6.54,16,1.44,0.0158,0.0114,0.001,0.0034
5323.2,12.2,4.4,4.8,2.79,36.41,60,208.065,268.065,6.57,16,1.44,0.0137,0.0102,0.0009,0.0026
5323.4,12.4,4.4,4,2.79,37.21,60,208.065,268.065,6.64,16,1.44,0.0139,0.0102,0.0011,0.0026
5323.6,12.6,4.5,4.5,2.79,35.88,60,208.065,268.065,6.57,16,1.44,0.0139,0.0101,0.0012,0.0026
5323.8,12.8,4.6,4.1,2.79,37.34,60,208.065,268.065,6.63,16,1.44,0.0141,0.0102,0.0013,0.0026
5324,13,4.6,2.9,2.81,34.05,60,208.065,268.065,6.51,16,1.44,0.0137,0.0101,0.0011,0.0025
5324.2,13.2,4.7,5.2,2.8,37.52,60,208.065,268.065,6.54,16,1.44,0.0137,0.0099,0.0012,0.0026
5324.4,13.4,4.8,4,2.8,36.86,60,208.065,268.065,6.54,16,1.44,0.0135,0.0099,0.001,0.0026
5324.6,13.6,4.9,4.3,2.8,35.88,60,208.065,268.065,6.5,16,1.44,0.0133,0.0099,0.0009,0.0025
5324.8,13.8,4.9,4.7,2.8,37.98,60,208.065,268.065,6.57,16,1.44,0.0135,0.0099,0.0012,0.0024
5325,14,5,3.9,2.8,35.44,60,208.065,268.065,6.65,16,1.44,0.0136,0.01,0.0011,0.0025
5325.2,14.2,5.1,3.4,2.81,36.05,60,208.065,268.065,6.59,16,1.44,0,0,0,0
5325.4,14.4,5.1,4.9,2.8,36.56,60,207.922,267.922,6.54,16,1.44,0,0,0,0
5325.6,14.6,5.2,6.7,2.78,22.36,60,208.065,268.065,5.71,15,1.44,0,0,0,0
5325.8,14.8,5.4,7.1,2.76,26.57,60,208.065,268.065,6.21,16,1.44,0,0,0,0
5326,15,5.5,7.5,2.73,27.19,60,208.065,268.065,6.01,16,1.44,0,0,0,0
5326.2,15.2,5.6,5.5,2.72,22.12,60,208.065,268.065,5.94,15,1.44,0,0,0,0
5326.4,15.4,5.6,3.6,2.73,27.18,60,208.065,268.065,6.16,16,1.44,0,0,0,0
5326.6,15.6,5.7,5.1,2.72,28.71,60,208.065,268.065,6.23,16,1.44,0,0,0,0
5326.8,15.8,5.8,6,2.71,30.27,60,208.065,268.065,6.14,16,1.44,0,0,0,0
5327,16,5.9,5.4,2.7,28.5,60,208.065,268.065,6.16,16,1.44,0,0,0,0
5327.2,16.2,6,5,2.7,30.08,60,208.065,268.065,6.24,16,1.44,0,0,0,0
5327.4,16.4,6.1,5.2,2.69,29.26,60,208.065,268.065,6.2,16,1.44,0,0,0,0
5327.6,16.6,6.2,6.5,2.68,28.84,60,208.065,268.065,6.09,16,1.44,0,0,0,0
5327.8,16.8,6.3,5.2,2.67,29.02,60,208.065,268.065,6.09,16,1.44,0,0,0,0
5328,17,6.4,5.9,2.66,29.4,60,208.065,268.065,6.25,16,1.44,0,0,0,0
5328.2,17.2,6.5,7.5,2.64,29.6,60,208.065,268.065,6.08,16,1.44,0.0185,0.0129,0.0013,0.0043
5328.4,17.4,6.6,5.8,2.64,29.42,60,208.065,268.065,6.07,16,1.44,0.0185,0.0129,0.0013,0.0043
5328.6,17.6,6.7,3.1,2.65,33.55,60,208.065,268.065,6.26,16,1.44,0.0182,0.0127,0.0012,0.0043
5328.8,17.8,6.7,5,2.64,36.14,60,208.065,268.065,6.35,16,1.44,0.0182,0.0127,0.0013,0.0042
5329,18,6.8,5.7,2.63,37.2,60,208.065,268.065,6.42,16,1.44,0.0183,0.0129,0.0013,0.0041
5329.2,18.2,6.9,4.7,2.63,37.19,60,208.065,268.065,6.38,16,1.44,0.0184,0.013,0.0013,0.0041
5329.4,18.4,7,4.6,2.63,36.78,60,208.065,268.065,6.45,16,1.44,0.0187,0.0132,0.0014,0.0041
5329.6,18.6,7.1,4.9,2.63,37.23,60,208.065,268.065,6.44,16,1.44,0.0185,0.0131,0.0014,0.004
5329.8,18.8,7.2,5.5,2.63,36.87,60,208.065,268.065,6.32,16,1.44,0.0192,0.0136,0.0015,0.0041
5330,19,7.2,4.5,2.63,36,60,208.065,268.065,6.33,16,1.44,0.0187,0.0132,0.0014,0.0041
5330.2,19.2,7.3,4,2.63,38.84,60,208.065,268.065,6.46,16,1.44,0.0187,0.0133,0.0014,0.004
5330.4,19.4,7.4,6.7,2.62,28.06,60,208.065,268.065,5.82,16,1.44,0.0191,0.0135,0.0015,0.0041
5330.6,19.6,7.5,5.6,2.61,36.16,59,208.065,267.065,6.09,16,1.44,0.019,0.0136,0.0016,0.0038
5330.8,19.8,7.6,2.8,2.62,40.96,60,208.065,268.065,6.43,16,1.44,0.0174,0.0126,0.0013,0.0035
5331,20,7.6,4.5,2.62,44.5,60,208.065,268.065,6.58,17,1.44,0.0174,0.0126,0.0013,0.0035
5331.2,20.2,7.7,5.5,2.62,48.34,60,207.922,267.922,6.53,17,1.44,0.0159,0.0118,0.0011,0.003
5331.4,20.4,7.8,7.1,2.6,45.38,60,208.065,268.065,6.51,16,1.44,0.0151,0.0114,0.0011,0.0026
5331.6,20.6,7.9,6,2.6,34.49,60,208.065,268.065,6.23,16,1.44,0.0139,0.0107,0.001,0.0022
5331.8,20.8,8,4,2.6,35.71,60,208.065,268.065,6.37,16,1.44,0.014,0.0106,0.001,0.0024
5332,21,8.1,3.8,2.6,39.83,60,208.065,268.065,6.45,16,1.44,0.0141,0.0107,0.001,0.0024
5332.2,21.2,8.1,4.7,2.6,38.14,60,208.065,268.065,6.69,16,1.44,0.0143,0.0109,0.001,0.0024
5332.4,21.4,8.2,2.9,2.61,35.48,60,208.065,268.065,6.61,16,1.44,0.0141,0.0107,0.001,0.0024
5332.6,21.6,8.2,3.3,2.62,37.52,60,208.065,268.065,6.57,16,1.44,0.0141,0.0107,0.001,0.0024
5332.8,21.8,8.3,4.4,2.62,40.57,60,208.065,268.065,6.51,16,1.44,0.0142,0.0108,0.001,0.0024
5333,22,8.4,5.3,2.62,39.07,60,208.065,268.065,6.27,16,1.44,0.0144,0.0109,0.001,0.0025
5333.2,22.2,8.5,3.7,2.62,41.41,60,208.065,268.065,6.37,16,1.44,0.0141,0.0107,0.001,0.0024
5333.4,22.4,8.6,5.7,2.62,42.54,60,208.065,268.065,6.58,16,1.44,0.014,0.0106,0.001,0.0024
5333.6,22.6,8.6,4.2,2.62,41,60,208.065,268.065,6.53,16,1.44,0.0151,0.0114,0.001,0.0027
5333.8,22.8,8.7,5,2.62,38.94,60,208.065,268.065,6.51,16,1.44,0.0148,0.0112,0.001,0.0026
5334,23,8.8,3.1,2.62,36.73,60,207.922,267.922,6.57,16,1.44,0.0149,0.0113,0.001,0.0026
5334.2,23.2,8.8,3.8,2.63,43.95,60,207.922,267.922,6.65,17,1.44,0.0147,0.0112,0.001,0.0025
5334.4,23.4,8.9,4.6,2.63,41.88,60,207.922,267.922,6.56,17,1.44,0.0152,0.0115,0.001,0.0027
5334.6,23.6,9,4.9,2.62,42.65,60,207.922,267.922,6.64,17,1.44,0.0151,0.0115,0.001,0.0026
5334.8,23.8,9,3.3,2.63,42.22,60,208.065,268.065,6.61,17,1.44,0.0154,0.0117,0.001,0.0027
5335,24,9.1,4.6,2.63,43.52,60,207.922,267.922,6.59,17,1.44,0.0148,0.0113,0.001,0.0025
5335.2,24.2,9.2,5.3,2.63,52.81,60,207.922,267.922,6.56,17,1.44,0.0149,0.0112,0.001,0.0027
5335.4,24.4,9.3,6.2,2.62,47.54,60,207.922,267.922,6.58,17,1.44,0.0146,0.011,0.0011,0.0025
5335.6,24.6,9.4,2.5,2.63,38.83,60,208.065,268.065,6.64,17,1.44,0.0134,0.0103,0.001,0.0021
5335.8,24.8,9.4,2.4,2.64,47.21,60,208.065,268.065,6.8,17,1.44,0.0104,0.0079,0.001,0.0015
5336,25,9.5,4.9,2.64,47.61,60,207.922,267.922,6.81,17,1.44,0.0132,0.0101,0.001,0.0021
5336.2,25.2,9.5,3.8,2.64,45.39,60,207.922,267.922,6.63,17,1.44,0.0143,0.0112,0.001,0.0021
5336.4,25.4,9.6,4.3,2.64,46.24,60,207.922,267.922,6.54,17,1.44,0.0138,0.0107,0.001,0.0021
5336.6,25.6,9.7,4.3,2.64,48.57,60,207.922,267.922,6.64,17,1.44,0.0137,0.0106,0.001,0.0021
5336.8,25.82,9.8,3.6,2.65,47.93,60,207.922,267.922,6.46,17,1.44,0.0134,0.0105,0.001,0.0019
5337,26,9.8,4.7,2.64,48.35,60,207.922,267.922,6.51,17,1.44,0.0132,0.0108,0.001,0.0014
5337.2,26.2,9.9,5.9,2.64,48.34,60,207.922,267.922,6.43,17,1.44,0.0132,0.0108,0.001,0.0014
5337.4,26.4,10,2.8,2.65,49.37,60,207.922,267.922,6.56,17,1.44,0.0132,0.0109,0.001,0.0013
5337.6,26.6,10,4.5,2.65,51.44,60,207.922,267.922,6.63,17,1.44,0.0128,0.0105,0.001,0.0013
5337.8,26.8,10.2,6.4,2.64,48.13,60,208.065,268.065,6.53,17,1.44,0.0129,0.0106,0.001,0.0013
5338,27,10.2,4,2.64,45.93,60,207.922,267.922,6.63,17,1.44,0.0126,0.0102,0.001,0.0014
5338.2,27.2,10.3,3.4,2.65,46.48,60,207.922,267.922,6.45,17,1.44,0.0128,0.0104,0.001,0.0014
5338.4,27.41,10.3,3.2,2.65,50.59,60,207.922,267.922,6.56,17,1.44,0.0127,0.0103,0.001,0.0014
5338.6,27.6,10.4,5.1,2.65,47.57,60,207.922,267.922,6.63,17,1.44,0.013,0.0106,0.001,0.0014
5338.8,27.8,10.5,4,2.65,46.1,60,207.922,267.922,6.68,17,1.44,0.0129,0.0102,0.001,0.0017
5339,28,10.5,3.6,2.65,49.44,60,208.065,268.065,6.68,17,1.44,0.0135,0.0109,0.001,0.0016
5339.2,28.2,10.6,4.1,2.66,52.54,60,208.065,268.065,6.61,17,1.44,0.0147,0.0115,0.001,0.0022
5339.4,28.4,10.7,6.6,2.65,48.98,60,208.065,268.065,6.68,17,1.44,0.0148,0.0115,0.0011,0.0022
5339.6,28.6,10.8,4.1,2.65,43.64,60,207.922,267.922,6.53,17,1.44,0.0143,0.0112,0.001,0.0021
5339.8,28.8,10.9,3.6,2.65,46,60,208.065,268.065,6.58,17,1.44,0.0149,0.0117,0.001,0.0022
5340,29,11,9,2.64,11.36,31,146.575,177.575,3.22,11,1.43,0.0174,0.0136,0.0013,0.0025
5340.2,29.2,11.1,5.9,2.63,32.08,60,208.065,268.065,6.38,17,1.44,0.0147,0.0115,0.001,0.0022
5340.4,29.4,11.2,6.3,2.62,31.47,60,208.065,268.065,6.21,17,1.44,0.0149,0.0115,0.0011,0.0023
5340.6,29.6,11.3,8.3,2.61,31.84,60,207.922,267.922,6.29,17,1.44,0.0186,0.0138,0.0014,0.0034
5340.8,29.8,11.4,3.1,2.62,40.09,60,207.922,267.922,6.42,17,1.44,0.0174,0.013,0.0013,0.0031
5341,30,11.5,4.8,2.61,46.56,60,207.922,267.922,6.82,17,1.44,0.0157,0.0121,0.0012,0.0024
5341.2,30.2,11.5,4.2,2.62,45.65,60,207.922,267.922,6.82,17,1.44,0.0144,0.0114,0.0009,0.0021
5341.4,30.4,11.7,6.7,2.61,48.47,60,207.922,267.922,6.64,17,1.44,0.0137,0.0109,0.0009,0.0019
5341.6,30.6,11.7,3.6,2.61,44.86,60,207.922,267.922,6.76,17,1.44,0.0136,0.0108,0.0009,0.0019
5341.8,30.8,11.8,5.8,2.61,49.81,60,207.922,267.922,6.67,17,1.44,0.0135,0.0108,0.0009,0.0018
5342,31,11.9,5.7,2.6,47.88,60,207.922,267.922,6.63,17,1.44,0.0131,0.0105,0.0009,0.0017
5342.2,31.2,12,4.7,2.6,47.38,60,207.922,267.922,6.75,17,1.44,0.0131,0.0105,0.0009,0.0017
5342.4,31.4,12.1,6.4,2.6,49.14,60,207.922,267.922,6.86,17,1.44,0.013,0.0105,0.0009,0.0016
5342.6,31.6,12.2,4.7,2.6,46.03,60,207.922,267.922,6.85,17,1.44,0.0134,0.0108,0.0009,0.0017
5342.8,31.8,12.2,4.5,2.6,47.55,60,207.922,267.922,6.84,17,1.44,0.0134,0.0108,0.0009,0.0017
5343,32,12.3,4.2,2.6,46.7,60,207.922,267.922,6.74,17,1.44,0.0129,0.0104,0.0009,0.0016
5343.2,32.2,12.4,4.3,2.6,46.35,60,207.922,267.922,6.62,17,1.44,0.0132,0.0106,0.001,0.0016
5343.4,32.4,12.5,6.4,2.59,47.87,60,207.922,267.922,6.65,17,1.44,0.0129,0.0104,0.0009,0.0016
5343.6,32.6,12.6,5.9,2.59,47.98,60,207.922,267.922,6.6,17,1.44,0.0133,0.0108,0.0009,0.0016
5343.8,32.8,12.7,4.9,2.59,48.98,60,207.922,267.922,6.75,17,1.44,0.0148,0.0117,0.0012,0.0019
5344,33,12.8,5.6,2.59,48.96,60,207.922,267.922,6.67,17,1.44,0.0135,0.0109,0.0009,0.0017
5344.2,33.2,12.9,5.5,2.58,49.67,60,207.922,267.922,6.6,17,1.44,0.0126,0.0102,0.0009,0.0015
5344.4,33.4,13,5.6,2.58,50.11,60,207.922,267.922,6.76,17,1.44,0.0131,0.0106,0.0009,0.0016
5344.6,33.6,13,4.4,2.58,47.36,60,207.922,267.922,6.89,17,1.44,0.0132,0.0107,0.0009,0.0016
5344.8,33.8,13.1,4.3,2.58,46.36,60,207.922,267.922,6.94,17,1.44,0.0138,0.0112,0.0009,0.0017
5345,34,13.2,4.3,2.58,46.95,60,207.922,267.922,6.75,17,1.44,0.0144,0.0118,0.0009,0.0017
5345.2,34.2,13.3,5.9,2.58,49.36,60,208.065,268.065,6.65,17,1.44,0.0149,0.0123,0.0009,0.0017
5345.4,34.4,13.3,4,2.58,49.07,60,207.922,267.922,6.93,17,1.44,0.0161,0.0135,0.0009,0.0017
5345.6,34.6,13.4,4.8,2.58,46.32,60,207.922,267.922,6.83,17,1.44,0.0155,0.0129,0.0009,0.0017
5345.8,34.8,13.5,3.5,2.58,51.18,60,207.922,267.922,6.75,17,1.44,0.0174,0.0136,0.0013,0.0025
5346,35,13.6,6.8,2.58,51.79,60,207.922,267.922,6.67,17,1.44,0.0181,0.0141,0.0014,0.0026
5346.2,35.2,13.7,6,2.57,46.56,60,207.922,267.922,6.75,17,1.44,0.0183,0.0142,0.0015,0.0026
5346.4,35.4,13.7,3.8,2.58,43.69,60,207.922,267.922,6.58,17,1.44,0.0157,0.0124,0.0012,0.0021
5346.6,35.6,13.8,2.5,2.58,49.91,60,208.065,268.065,6.63,17,1.44,0.0161,0.0127,0.0012,0.0022
5346.8,35.8,13.9,7.8,2.57,54.12,60,207.922,267.922,6.91,17,1.44,0.0177,0.0138,0.0015,0.0024
5347,36,14,3.4,2.58,43.22,60,207.922,267.922,6.71,17,1.44,0.0171,0.0135,0.0013,0.0023
5347.2,36.2,14,2.5,2.58,52.6,59,207.922,266.922,6.97,17,1.44,0.0167,0.0132,0.0012,0.0023
5347.4,36.4,14.1,8.1,2.57,55.21,60,207.922,267.922,6.64,17,1.44,0.0159,0.0125,0.0013,0.0021
5347.6,36.6,14.3,6.1,2.57,53.51,58,207.922,265.922,6.9,17,1.44,0.0164,0.0129,0.0013,0.0022
5347.8,36.8,14.3,4.5,2.57,42.03,60,207.922,267.922,6.52,17,1.44,0.0164,0.0129,0.0013,0.0022
5348,37,14.4,4.9,2.57,42.47,60,207.922,267.922,6.61,17,1.44,0.0156,0.0123,0.0012,0.0021
5348.2,37.2,14.5,4.7,2.57,36.24,60,207.922,267.922,6.43,17,1.44,0.015,0.012,0.0011,0.0019
5348.4,37.4,14.5,2.3,2.57,46.87,60,207.922,267.922,6.51,17,1.44,0.013,0.0106,0.0008,0.0016
5348.6,37.6,14.7,8,2.57,58.16,60,207.922,267.922,6.73,17,1.44,0.0131,0.0107,0.0008,0.0016
5348.8,37.8,14.7,5.1,2.56,51.33,60,207.922,267.922,6.52,17,1.44,0.0131,0.0107,0.0008,0.0016
5349,38,14.8,6,2.56,45.55,60,207.922,267.922,6.56,17,1.44,0.0129,0.0105,0.0008,0.0016
5349.2,38.2,14.9,4.3,2.56,49.21,60,207.922,267.922,6.5,17,1.44,0.0127,0.0105,0.0008,0.0014
5349.4,38.4,15,5.4,2.56,54.42,59,207.922,266.922,6.97,17,1.44,0.0112,0.0091,0.0008,0.0013
5349.6,38.6,15.1,5.5,2.56,43.16,59,207.922,266.922,6.75,17,1.44,0.0109,0.0089,0.0008,0.0012
5349.8,38.8,15.2,3.6,2.56,51.65,60,207.922,267.922,6.37,16,1.44,0.011,0.009,0.0008,0.0012
5350,39,15.3,6.1,2.56,59.57,60,207.922,267.922,6.83,17,1.44,0.0109,0.0088,0.0008,0.0013
5350.2,39.2,15.3,5.7,2.55,46.22,60,207.922,267.922,6.73,17,1.44,0.011,0.009,0.0008,0.0012
5350.4,39.4,15.4,3.5,2.56,47.73,60,207.922,267.922,6.83,17,1.44,0.0116,0.0095,0.0009,0.0012
5350.6,39.6,15.5,4.9,2.56,48.97,60,207.922,267.922,6.48,17,1.44,0.0126,0.0104,0.0007,0.0015
5350.8,39.8,15.6,4.9,2.56,57.3,60,207.922,267.922,6.56,17,1.44,0.0085,0.0067,0.0008,0.001
5351,40,15.7,8.7,2.55,58.12,60,207.922,267.922,6.64,17,1.44,0.0162,0.0128,0.0013,0.0021
5351.2,40.2,15.8,7,2.54,50.82,60,207.922,267.922,6.54,17,1.44,0.0113,0.0092,0.0009,0.0012
5351.4,40.4,15.9,4.4,2.54,48.28,60,207.922,267.922,6.73,17,1.44,0.0101,0.0081,0.0008,0.0012
5351.6,40.6,16,4.2,2.54,50.38,60,207.922,267.922,6.54,17,1.44,0.0103,0.0084,0.0007,0.0012
5351.8,40.8,16.1,5.7,2.54,49.56,60,207.922,267.922,6.84,17,1.44,0.0118,0.0096,0.0009,0.0013
5352,41,16.1,4.7,2.54,50.02,60,207.922,267.922,6.65,17,1.44,0.0116,0.0095,0.0008,0.0013
5352.2,41.2,16.2,3.9,2.54,49.8,60,207.922,267.922,6.42,17,1.44,0.0116,0.0094,0.0009,0.0013
5352.4,41.4,16.3,5.7,2.54,51.36,60,207.922,267.922,6.42,16,1.44,0.0106,0.0086,0.0008,0.0012
5352.6,41.6,16.4,7.9,2.53,50.83,60,208.065,268.065,6.38,16,1.44,0.0108,0.0088,0.0007,0.0013
5352.8,41.8,16.5,5.5,2.53,50.59,60,207.922,267.922,6.4,16,1.44,0.0108,0.0088,0.0009,0.0011
5353,42,16.7,7.6,2.52,49.61,60,208.065,268.065,6.32,16,1.44,0.0109,0.0089,0.0008,0.0012
5353.2,42.2,16.8,6.3,2.52,49.29,60,208.065,268.065,6.27,16,1.44,0.0105,0.0086,0.0007,0.0012
5353.4,42.4,16.8,5,2.52,52.16,60,207.922,267.922,6.52,17,1.44,0.0113,0.0093,0.0008,0.0012
5353.6,42.6,16.9,5.7,2.51,51.58,60,207.922,267.922,6.48,17,1.44,0.0122,0.0101,0.0008,0.0013
5353.8,42.8,17,5.4,2.51,20.18,45,163.306,208.306,4.41,13,1.43,0.013,0.0107,0.001,0.0013
5354,43,17.1,5.1,2.51,49.58,60,207.922,267.922,6.53,17,1.44,0.0122,0.0101,0.0009,0.0012
5354.2,43.2,17.2,4.1,2.51,48.19,60,208.065,268.065,6.51,17,1.44,0.0118,0.0098,0.0008,0.0012
5354.4,43.4,17.3,5.3,2.51,51.82,60,207.922,267.922,6.47,17,1.44,0.0113,0.0092,0.0009,0.0012
5354.6,43.6,17.4,6.1,2.51,53.17,60,207.922,267.922,6.34,17,1.44,0.0115,0.0095,0.0008,0.0012
5354.8,43.8,17.5,7,2.5,52.09,60,207.922,267.922,6.44,17,1.44,0.0111,0.009,0.0009,0.0012
5355,44,17.6,6.3,2.5,46.91,60,207.922,267.922,6.3,17,1.44,0.0111,0.009,0.0009,0.0012
5355.2,44.2,17.7,4.8,2.5,49.95,60,208.065,268.065,6.21,16,1.44,0.0108,0.0088,0.0008,0.0012
5355.4,44.4,17.8,4.8,2.5,56.11,60,207.922,267.922,6.48,17,1.44,0.0127,0.0104,0.0009,0.0014
5355.6,44.6,17.8,5.6,2.5,58.83,60,207.922,267.922,6.52,17,1.44,0.0128,0.0104,0.001,0.0014
5355.8,44.8,18,6.8,2.49,53.9,60,207.922,267.922,6.48,17,1.44,0.0155,0.0125,0.0012,0.0018
5356,45,18,5.2,2.49,49.12,60,207.922,267.922,6.53,17,1.44,0.0102,0.0082,0.0009,0.0011
5356.2,45.2,18.1,5.3,2.49,48.26,60,207.922,267.922,6.48,17,1.44,0.0096,0.0075,0.0008,0.0013
5356.4,45.4,18.2,3.2,2.5,51.46,60,207.922,267.922,6.69,17,1.44,0.0097,0.0078,0.0009,0.001
5356.6,45.6,18.3,4,2.5,56.09,60,207.922,267.922,6.69,17,1.44,0.0101,0.0083,0.0007,0.0011
5356.8,45.8,18.3,5.6,2.5,57.43,60,207.922,267.922,6.39,16,1.44,0.0104,0.0085,0.0008,0.0011
5357,46,18.5,8.7,2.49,58.39,60,207.922,267.922,6.55,17,1.44,0.0105,0.0086,0.0008,0.0011
5357.2,46.2,18.6,4.2,2.49,52.78,60,207.922,267.922,6.59,17,1.44,0.0106,0.0086,0.0009,0.0011
5357.4,46.4,18.6,3.9,2.49,51.75,60,207.922,267.922,6.56,16,1.44,0.0102,0.0084,0.0007,0.0011
5357.6,46.6,18.7,3.3,2.49,55.65,60,208.065,268.065,6.55,16,1.44,0.0105,0.0086,0.0008,0.0011
5357.8,46.8,18.8,5.1,2.49,61.11,60,207.922,267.922,6.42,16,1.44,0.0103,0.0084,0.0008,0.0011
5358,47,18.9,5.9,2.49,62.11,60,207.922,267.922,6.56,16,1.44,0.0107,0.0086,0.0009,0.0012
5358.2,47.2,19,6.7,2.49,57.52,60,207.922,267.922,6.62,17,1.44,0.0109,0.009,0.0008,0.0011
5358.4,47.4,19.1,5.4,2.49,55.16,60,207.922,267.922,6.42,16,1.44,0.0116,0.0095,0.0009,0.0012
5358.6,47.6,19.2,6.2,2.48,57.57,60,207.922,267.922,6.65,16,1.44,0.0122,0.01,0.0008,0.0014
5358.8,47.8,19.3,7.8,2.48,16.96,51,183.898,234.898,5.36,13,1.44,0.0137,0.0114,0.001,0.0013
5359,48,19.4,4.6,2.48,44.8,60,208.923,268.923,6.47,16,1.44,0.0108,0.009,0.0008,0.001
5359.2,48.2,19.5,8.6,2.47,50.55,60,208.923,268.923,6.42,16,1.44,0.0179,0.0129,0.0017,0.0033
5359.4,48.4,19.6,5.8,2.47,48.21,60,208.78,268.78,6.66,17,1.44,0.0167,0.0122,0.0015,0.003
5359.6,48.6,19.7,5.2,2.47,49.38,60,208.923,268.923,6.64,17,1.44,0.0147,0.0118,0.0012,0.0017
5359.8,48.8,19.8,5.4,2.47,48.74,60,208.923,268.923,6.74,17,1.44,0.0111,0.0091,0.0009,0.0011
5360,49,19.9,6.6,2.46,49.5,60,208.78,268.78,6.49,16,1.44,0.0111,0.0092,0.0008,0.0011
5360.2,49.2,20,5.2,2.46,50.31,60,208.923,268.923,6.63,17,1.44,0.0106,0.0089,0.0007,0.001
5360.4,49.4,20.1,7.8,2.46,49.7,60,208.78,268.78,6.43,16,1.44,0.0104,0.0087,0.0007,0.001
5360.6,49.6,20.2,6.6,2.45,46.46,60,208.923,268.923,6.56,16,1.44,0.0106,0.0088,0.0008,0.001
5360.8,49.8,20.3,4.6,2.45,46.85,60,208.923,268.923,6.69,16,1.44,0.0103,0.0087,0.0007,0.0009
5361,50,20.4,4.2,2.45,46.21,60,208.78,268.78,6.81,17,1.44,0.0107,0.009,0.0007,0.001
5361.2,50.2,20.5,4.7,2.45,45.37,60,208.78,268.78,6.64,16,1.44,0.0108,0.009,0.0008,0.001
5361.4,50.4,20.6,7.8,2.45,46.49,60,208.78,268.78,6.49,16,1.44,0.0098,0.0082,0.0007,0.0009
5361.6,50.6,20.7,5.1,2.45,44.01,60,208.78,268.78,6.55,16,1.44,0.0099,0.0082,0.0008,0.0009
5361.8,50.8,20.8,7.1,2.44,47.48,60,208.923,268.923,6.51,16,1.44,0.0105,0.0089,0.0007,0.0009
5362,51,20.9,4.2,2.45,44.47,60,208.78,268.78,6.59,16,1.44,0.0106,0.0089,0.0007,0.001
5362.2,51.2,21,7,2.44,46.73,60,208.923,268.923,6.5,16,1.44,0,0,0,0
5362.4,51.4,21.1,5.2,2.44,46.2,60,208.78,268.78,6.6,16,1.44,0,0,0,0
5362.6,51.6,21.1,5.2,2.44,45.67,60,208.78,268.78,6.57,16,1.44,0,0,0,0
5362.8,51.8,21.3,8.1,2.43,46.39,60,208.78,268.78,6.39,16,1.44,0,0,0,0
5363,52,21.4,5.6,2.43,48.73,60,208.923,268.923,6.69,16,1.44,0,0,0,0
5363.2,52.2,21.5,7.2,2.43,45.21,60,208.923,268.923,6.52,16,1.44,0,0,0,0
5363.4,52.4,21.6,5.2,2.43,44.88,60,208.923,268.923,6.58,16,1.44,0,0,0,0
5363.6,52.6,21.7,5.1,2.43,48.62,60,208.78,268.78,6.58,16,1.44,0,0,0,0
5363.8,52.8,21.8,6.3,2.43,49.23,60,208.923,268.923,6.63,16,1.44,0,0,0,0
5364,53,21.9,5.7,2.42,46.91,59,208.78,267.78,6.79,16,1.44,0,0,0,0
5364.2,53.2,21.9,4.1,2.43,45.98,60,208.78,268.78,6.59,16,1.44,0,0,0,0
5364.4,53.4,22,5.1,2.43,47.81,60,208.78,268.78,6.69,16,1.44,0,0,0,0
5364.6,53.6,22.1,6.3,2.42,49.2,60,208.78,268.78,6.42,16,1.44,0,0,0,0
5364.8,53.8,22.2,5.6,2.42,44.74,60,208.78,268.78,6.73,16,1.44,0,0,0,0
5365,54,22.3,4.4,2.42,47.21,60,208.78,268.78,6.74,16,1.44,0,0,0,0
5365.2,54.2,22.3,2.4,2.43,6.27,6,21.736,27.736,0.68,1,1.4,0.0148,0.0111,0.001,0.0027
5365.4,54.4,22.4,3.3,2.43,58.6,60,208.923,268.923,6.71,17,1.44,0.0158,0.0121,0.001,0.0027
5365.6,54.6,22.5,5.3,2.43,61.3,60,208.923,268.923,6.57,17,1.44,0.0206,0.0156,0.0021,0.0029
5365.8,54.8,22.5,3.4,2.43,62.36,60,208.78,268.78,6.74,17,1.44,0.0178,0.0138,0.0015,0.0025
5366,55,22.6,4.7,2.43,53,60,208.78,268.78,8.43,17,1.44,0.0178,0.0138,0.0015,0.0025
5366.2,55.2,22.7,3.6,2.43,54.27,60,208.78,268.78,9,17,1.44,0.0135,0.011,0.001,0.0015
5366.4,55.4,22.7,3.9,2.44,56.14,60,208.923,268.923,8.99,17,1.44,0.0131,0.0107,0.001,0.0014
5366.6,55.6,22.8,5.4,2.44,56.27,60,208.78,268.78,9.01,17,1.44,0.0131,0.0107,0.001,0.0014
5366.8,55.8,22.9,4.5,2.44,56.48,60,208.78,268.78,9.07,17,1.44,0.0121,0.0099,0.001,0.0012
5367,56,23,5.2,2.44,56.11,60,208.78,268.78,8.91,17,1.44,0.0092,0.0084,0.0008,0
5367.2,56.2,23,3.9,2.44,51.95,60,208.923,268.923,8.93,17,1.44,0.0103,0.0086,0.0008,0.0009
5367.4,56.4,23.2,6.3,2.44,55.15,60,208.78,268.78,8.92,17,1.44,0.0103,0.0086,0.0008,0.0009
5367.6,56.6,23.2,3.9,2.44,52.07,60,208.78,268.78,8.9,17,1.44,0.008,0.0072,0.0008,0
5367.8,56.8,23.3,5.4,2.44,56.57,60,208.78,268.78,9.02,17,1.44,0.009,0.0074,0.0008,0.0008
5368,57,23.4,5.7,2.44,53.68,60,208.923,268.923,8.91,17,1.44,0.0095,0.0079,0.0008,0.0008
5368.2,57.2,23.5,5.9,2.43,52.18,60,208.78,268.78,8.92,17,1.44,0.0097,0.0079,0.0008,0.001
5368.4,57.4,23.6,4.3,2.43,51.93,60,208.78,268.78,8.98,17,1.44,0.0097,0.0079,0.0008,0.001
5368.6,57.6,23.7,5,2.43,50.01,60,208.78,268.78,8.9,17,1.44,0.0098,0.008,0.0008,0.001
5368.8,57.8,23.7,4.8,2.44,51.82,60,208.923,268.923,9.05,17,1.44,0.0099,0.008,0.0008,0.0011
5369,58,23.8,5,2.43,50.83,60,208.78,268.78,8.83,17,1.44,0.0098,0.0079,0.0008,0.0011
5369.2,58.2,23.9,6.8,2.43,53.79,60,208.923,268.923,8.79,17,1.44,0.0103,0.0083,0.0008,0.0012
5369.4,58.4,24,4.9,2.43,52.9,60,208.78,268.78,8.94,17,1.44,0.0106,0.0086,0.0008,0.0012
5369.6,58.6,24.1,7.8,2.43,44.32,60,208.78,268.78,8.85,17,1.44,0.0114,0.0093,0.0008,0.0013
5369.8,58.8,24.2,1.8,2.43,44.07,59,208.923,267.923,9.1,16,1.44,0.0116,0.0095,0.0008,0.0013
5370,59,24.2,3.6,2.43,47.52,59,208.78,267.78,9.18,16,1.44,0.0118,0.0096,0.0008,0.0014
5370.2,59.2,24.3,3.4,2.44,46.66,59,208.78,267.78,9.19,16,1.44,0.0122,0.01,0.0008,0.0014
5370.4,59.4,24.3,2.6,2.44,52.21,60,208.78,268.78,9.07,16,1.44,0.0125,0.0103,0.0008,0.0014
5370.6,59.6,24.4,6.3,2.44,36.38,51,195.195,246.195,7.49,14,1.44,0.0131,0.0108,0.0008,0.0015
5370.8,59.8,24.6,9.1,2.43,29.4,54,208.923,262.923,8.31,16,1.44,0.0126,0.0104,0.0008,0.0014
5371,60,24.6,2.8,2.44,34.41,54,208.78,262.78,8.62,16,1.44,0.0123,0.0101,0.0008,0.0014
5371.2,60.2,24.7,3.7,2.44,38.18,54,208.923,262.923,8.9,16,1.44,0.0127,0.0105,0.0008,0.0014
5371.4,60.4,24.8,4.6,2.44,40.49,54,208.923,262.923,8.9,16,1.44,0.0132,0.0107,0.001,0.0015
5371.6,60.6,24.8,4.3,2.44,38.14,54,208.923,262.923,8.53,16,1.44,0.0132,0.0107,0.001,0.0015
5371.8,60.8,24.9,4.3,2.44,40.03,54,208.78,262.78,8.85,16,1.44,0.013,0.0106,0.0009,0.0015
5372,61,25,4.3,2.44,40.56,54,208.78,262.78,8.87,16,1.44,0.013,0.0106,0.0009,0.0015
5372.2,61.2,25.1,5,2.44,40.62,54,208.923,262.923,8.59,16,1.44,0.0129,0.0105,0.0009,0.0015
5372.4,61.4,25.2,7.9,2.44,40.27,54,208.78,262.78,8.78,16,1.44,0.0129,0.0106,0.0009,0.0014
5372.6,61.6,25.3,4.2,2.44,31.13,54,208.78,262.78,8.45,16,1.44,0.0126,0.0104,0.0009,0.0013
5372.8,61.8,25.3,4.3,2.44,36.5,54,208.923,262.923,8.77,16,1.44,0.0125,0.0102,0.0009,0.0014
5373,62,25.4,5.4,2.44,35.59,54,208.923,262.923,8.52,16,1.44,0.0121,0.01,0.0008,0.0013
5373.2,62.2,25.5,5.4,2.44,35.86,54,208.923,262.923,8.74,16,1.44,0.0117,0.0097,0.0008,0.0012
5373.4,62.4,25.6,3.5,2.44,32.22,54,208.78,262.78,8.72,16,1.44,0.0114,0.0094,0.0008,0.0012
5373.6,62.6,25.7,5.7,2.44,34.74,54,208.78,262.78,8.68,16,1.44,0.0116,0.0096,0.0008,0.0012
5373.8,62.8,25.7,3.6,2.44,36.85,54,208.923,262.923,8.5,16,1.44,0.0115,0.0095,0.0008,0.0012
5374,63,25.8,6.5,2.44,37.67,54,208.78,262.78,8.76,16,1.44,0.0119,0.0099,0.0008,0.0012
5374.2,63.2,25.9,4.9,2.44,37.63,54,208.78,262.78,8.76,16,1.44,0.0113,0.0094,0.0008,0.0011
5374.4,63.4,26,5.1,2.44,36.65,54,208.78,262.78,8.69,16,1.44,0.0112,0.0093,0.0008,0.0011
5374.6,63.6,26.1,5.7,2.44,37.22,54,208.78,262.78,8.49,16,1.44,0.0112,0.0093,0.0008,0.0011
5374.8,63.8,26.2,5.3,2.44,36.33,54,208.78,262.78,8.81,16,1.44,0.0114,0.0094,0.0008,0.0012
5375,64,26.3,6.2,2.43,37.79,54,208.78,262.78,8.65,16,1.44,0.0128,0.0106,0.0008,0.0014
5375.2,64.2,26.4,4.4,2.44,33.45,54,208.923,262.923,8.86,16,1.44,0,0,0,0
5375.4,64.4,26.4,4.4,2.44,34.12,54,208.78,262.78,8.9,17,1.44,0,0,0,0
5375.6,64.6,26.5,3.6,2.44,37.98,54,208.78,262.78,8.77,16,1.44,0,0,0,0
5375.8,64.8,26.6,5.4,2.44,40.62,54,208.78,262.78,8.61,16,1.44,0,0,0,0
5376,65,26.7,6,2.44,44.3,54,208.78,262.78,8.68,16,1.44,0,0,0,0
5376.2,65.2,26.8,7,2.43,44.34,54,208.923,262.923,8.66,16,1.44,0,0,0,0
5376.4,65.4,26.9,6.9,2.43,42,54,208.78,262.78,8.6,16,1.44,0,0,0,0
5376.6,65.6,27,4.6,2.43,41.93,54,208.78,262.78,8.63,16,1.44,0,0,0,0
5376.8,65.8,27.1,5,2.43,45.17,54,208.78,262.78,8.67,16,1.44,0,0,0,0
5377,66,27.2,6.9,2.43,42.25,54,208.78,262.78,8.85,17,1.44,0.0112,0.0092,0.0008,0.0012
5377.2,66.2,27.3,4.1,2.43,33.75,54,208.923,262.923,8.61,16,1.44,0.0109,0.0089,0.0008,0.0012
5377.4,66.4,27.4,5.9,2.43,40.32,54,208.78,262.78,8.59,16,1.44,0.0113,0.0093,0.0008,0.0012
5377.6,66.6,27.5,6.3,2.43,36.62,54,208.78,262.78,8.59,16,1.44,0.0113,0.0093,0.0008,0.0012
5377.8,66.8,27.6,5.9,2.42,33.82,54,208.78,262.78,8.68,16,1.44,0.0113,0.0093,0.0008,0.0012
5378,67,27.7,7.7,2.42,-0.69,34,155.298,189.298,4.99,11,1.43,0.0129,0.0108,0.0008,0.0013
5378.2,67.2,27.7,5.2,2.43,-9.21,58,208.923,266.923,7.58,15,1.44,0.0123,0.0103,0.0008,0.0012
5378.4,67.4,27.7,3.7,2.43,17.75,58,208.78,266.78,8.15,15,1.44,0.0121,0.0101,0.0008,0.0012
5378.6,67.6,27.8,3.2,2.43,42.13,58,208.78,266.78,8.77,16,1.44,0.0121,0.01,0.0009,0.0012
5378.8,67.8,27.9,4,2.43,40.11,58,208.923,266.923,8.8,16,1.44,0.0121,0.01,0.0009,0.0012
5379,68,28,4.6,2.43,39.81,58,208.78,266.78,8.92,17,1.44,0.0119,0.0098,0.0009,0.0012
5379.2,68.2,28.1,4.8,2.43,41.84,58,208.78,266.78,9.05,17,1.44,0.0121,0.0101,0.0008,0.0012
5379.4,68.4,28.2,5.3,2.43,41.47,58,208.78,266.78,8.95,17,1.44,0.0119,0.0099,0.0008,0.0012
5379.6,68.6,28.3,5.5,2.43,41.08,58,208.78,266.78,8.83,17,1.44,0.0117,0.0097,0.0008,0.0012
5379.8,68.8,28.3,4.4,2.43,38.66,58,208.78,266.78,8.87,16,1.44,0.0139,0.0115,0.0008,0.0016
5380,69,28.5,7.6,2.42,41.74,58,208.78,266.78,8.86,16,1.44,0.0152,0.0121,0.0013,0.0018
5380.2,69.2,28.6,7.3,2.42,39.12,58,208.78,266.78,8.93,17,1.44,0.0125,0.0104,0.0008,0.0013
5380.4,69.4,28.7,3.9,2.42,39.73,58,208.78,266.78,8.93,17,1.44,0.0117,0.0098,0.0008,0.0011
5380.6,69.6,28.8,6.5,2.42,36.91,58,208.78,266.78,8.9,17,1.44,0.012,0.0099,0.001,0.0011
5380.8,69.8,28.8,4.9,2.42,41.44,58,208.78,266.78,9.01,17,1.44,0.0116,0.0096,0.0009,0.0011
5381,70,29,6.5,2.42,40.67,58,208.78,266.78,8.92,17,1.44,0.0117,0.0097,0.0009,0.0011
5381.2,70.2,29.1,6.3,2.42,41.3,58,208.78,266.78,8.97,17,1.44,0.0119,0.0099,0.001,0.001
5381.4,70.4,29.2,6.2,2.41,41.63,58,208.78,266.78,9.05,17,1.44,0.0122,0.0102,0.0009,0.0011
5381.6,70.6,29.3,6.8,2.41,42,58,208.78,266.78,9.1,17,1.44,0.012,0.01,0.0009,0.0011
5381.8,70.8,29.4,5.2,2.41,42.8,58,208.78,266.78,8.94,17,1.44,0.0121,0.0101,0.0009,0.0011
5382,71,29.5,6.6,2.41,45.51,58,208.78,266.78,9.06,17,1.44,0.0121,0.0101,0.0009,0.0011
5382.2,71.2,29.6,7.3,2.41,14.54,58,208.78,266.78,8.17,16,1.44,0.0125,0.0103,0.0011,0.0011
5382.4,71.4,29.7,3.9,2.41,39.03,58,208.78,266.78,9.1,17,1.44,0.0125,0.0103,0.0011,0.0011
5382.6,71.6,29.7,4.8,2.41,37.46,58,208.78,266.78,9.04,17,1.44,0.0126,0.0104,0.0011,0.0011
5382.8,71.8,29.8,5,2.41,40.83,58,208.78,266.78,9,17,1.44,0.0128,0.0105,0.0011,0.0012
5383,72,29.9,4.5,2.41,38.59,58,208.78,266.78,9.04,17,1.44,0.0128,0.0105,0.0011,0.0012
5383.2,72.2,30,6.1,2.41,42.05,58,208.78,266.78,9.04,16,1.44,0.0125,0.0103,0.0011,0.0011
5383.4,72.4,30.1,5.2,2.41,40.77,58,208.78,266.78,9.03,17,1.44,0.0122,0.0102,0.0009,0.0011
5383.6,72.6,30.2,5.6,2.41,40.64,58,208.78,266.78,9.03,17,1.44,0.0122,0.0102,0.0009,0.0011
5383.8,72.8,30.3,6,2.4,37.93,58,208.78,266.78,8.89,16,1.44,0.012,0.01,0.0009,0.0011
5384,73,30.4,5,2.4,39.68,58,208.78,266.78,9.1,17,1.44,0.0118,0.0097,0.001,0.0011
5384.2,73.2,30.4,4.8,2.4,10.57,58,208.78,266.78,8.26,16,1.44,0.0126,0.0105,0.001,0.0011
5384.4,73.4,30.5,4.5,2.41,34.97,60,208.923,268.923,8.77,16,1.44,0.0127,0.0105,0.0011,0.0011
5384.6,73.6,30.6,5.4,2.4,37.01,60,208.78,268.78,8.73,16,1.44,0.0124,0.0102,0.0011,0.0011
5384.8,73.8,30.7,5.8,2.4,38.9,60,208.78,268.78,8.96,16,1.44,0.0124,0.0102,0.0011,0.0011
5385,74,30.8,4.6,2.4,39.12,60,208.78,268.78,8.98,17,1.44,0.0122,0.0101,0.001,0.0011
5385.2,74.2,30.9,6.1,2.4,40.96,60,208.78,268.78,8.82,16,1.44,0.0119,0.0099,0.001,0.001
5385.4,74.4,31,5.4,2.4,39.66,60,208.78,268.78,8.88,16,1.44,0.0122,0.0101,0.0011,0.001
5385.6,74.6,31.1,5.3,2.4,42.3,60,208.78,268.78,9.01,17,1.44,0.0123,0.0102,0.0011,0.001
5385.8,74.8,31.1,5,2.4,36.73,60,208.78,268.78,8.77,16,1.44,0.0122,0.0102,0.0009,0.0011
5386,75,31.3,7.9,2.4,45.77,60,208.78,268.78,8.81,16,1.44,0.0118,0.01,0.0008,0.001
5386.2,75.2,31.3,4.2,2.4,45.32,60,208.78,268.78,8.73,16,1.44,0.0121,0.0101,0.0009,0.0011
5386.4,75.4,31.5,8.6,2.39,48.64,60,208.78,268.78,8.7,16,1.44,0.0122,0.01,0.0011,0.0011
5386.6,75.6,31.6,6.8,2.39,42.09,60,208.78,268.78,8.46,16,1.44,0.0119,0.01,0.0009,0.001
5386.8,75.8,31.7,4.7,2.39,46.7,60,208.78,268.78,8.58,16,1.44,0.0117,0.0098,0.0009,0.001
5387,76,31.8,9.3,2.39,48.55,60,208.78,268.78,8.68,16,1.44,0.0118,0.01,0.0008,0.001
5387.2,76.2,31.9,5,2.39,42.84,60,208.78,268.78,8.68,16,1.44,0.0141,0.0118,0.0009,0.0014
5387.4,76.4,32,4,2.39,52.83,60,208.78,268.78,8.85,17,1.44,0.0119,0.0101,0.0008,0.001
5387.6,76.6,32.1,6,2.39,53.22,60,208.78,268.78,8.84,17,1.44,0.0117,0.0099,0.0009,0.0009
5387.8,76.8,32.2,8,2.38,52.11,60,208.78,268.78,8.82,17,1.44,0.0122,0.0101,0.0009,0.0012
5388,77,32.3,6.2,2.38,45.7,60,208.78,268.78,8.64,17,1.44,0.0123,0.0105,0.0008,0.001
5388.2,77.2,32.4,3.6,2.38,45.84,60,208.78,268.78,8.65,16,1.44,0.0123,0.0103,0.0009,0.0011
5388.4,77.4,32.5,8.1,2.38,48.26,60,208.78,268.78,8.61,16,1.44,0.0119,0.0101,0.0008,0.001
5388.6,77.6,32.6,6.6,2.38,48.8,60,208.78,268.78,8.59,16,1.44,0.0122,0.0102,0.0008,0.0012
5388.8,77.8,32.7,5.5,2.38,56.41,60,208.78,268.78,8.67,16,1.44,0.0121,0.0103,0.0007,0.0011
5389,78,32.9,8.6,2.37,46.72,60,208.78,268.78,8.64,16,1.44,0.0122,0.0102,0.0008,0.0012
5389.2,78.2,32.9,1.9,2.38,51.94,60,208.78,268.78,8.77,16,1.44,0.0121,0.0103,0.0007,0.0011
5389.4,78.4,33.1,10.2,2.37,54.66,60,208.78,268.78,8.72,16,1.44,0.0119,0.0102,0.0008,0.0009
5389.6,78.6,33.2,7.6,2.37,51.23,60,208.78,268.78,8.73,16,1.44,0.0121,0.0103,0.0009,0.0009
5389.8,78.8,33.3,5.2,2.37,20.13,60,208.78,268.78,7.89,15,1.44,0.0128,0.0106,0.0012,0.001
5390,79,33.3,4.1,2.37,44.46,60,208.78,268.78,8.73,16,1.44,0.0128,0.0106,0.0012,0.001
5390.2,79.2,33.4,6.3,2.37,48.1,60,208.923,268.923,8.85,16,1.44,0.0123,0.0102,0.0011,0.001
5390.4,79.4,33.5,3.7,2.37,40.72,60,208.78,268.78,9.04,16,1.44,0.0122,0.0101,0.0011,0.001
5390.6,79.6,33.6,3.5,2.37,49.88,60,208.78,268.78,9.11,16,1.44,0.0125,0.0104,0.0012,0.0009
5390.8,79.8,33.6,5,2.37,47.6,60,208.78,268.78,8.88,16,1.44,0.0122,0.0103,0.0009,0.001
5391,80,33.7,5.1,2.37,47.23,60,208.78,268.78,8.86,16,1.44,0.0125,0.0104,0.0011,0.001
5391.2,80.2,33.8,4.6,2.37,49.89,60,208.78,268.78,8.96,16,1.44,0.0126,0.0104,0.0012,0.001
5391.4,80.4,33.9,5.8,2.37,52.5,60,208.923,268.923,9.01,16,1.44,0.0127,0.0105,0.0012,0.001
5391.6,80.6,34,5.9,2.37,48.18,60,208.78,268.78,8.95,16,1.44,0.0129,0.0107,0.0012,0.001
5391.8,80.8,34.1,5.8,2.37,42.26,60,208.78,268.78,8.73,16,1.44,0.0127,0.0106,0.0011,0.001
5392,81,34.2,3.1,2.37,47.65,60,208.923,268.923,8.91,16,1.44,0.0121,0.0101,0.001,0.001
5392.2,81.2,34.3,6,2.37,52.23,60,208.78,268.78,9.08,16,1.44,0.0124,0.0102,0.0012,0.001
5392.4,81.4,34.3,1.7,2.37,57.12,60,208.78,268.78,9.03,16,1.44,0.0122,0.0101,0.0012,0.0009
5392.6,81.6,34.4,8.1,2.37,58.77,60,208.78,268.78,9.03,16,1.44,0.0125,0.0103,0.0012,0.001
5392.8,81.8,34.5,5.7,2.37,52.58,60,208.78,268.78,9.09,16,1.44,0.0123,0.0102,0.0012,0.0009
5393,82,34.6,5,2.37,53.85,60,208.78,268.78,9.07,16,1.44,0.0121,0.0101,0.0011,0.0009
5393.2,82.2,34.7,6.7,2.37,54.05,60,208.78,268.78,8.69,16,1.44,0.0119,0.01,0.001,0.0009
5393.4,82.4,34.8,7.2,2.37,54.2,60,208.923,268.923,8.89,16,1.44,0.0114,0.0096,0.0009,0.0009
5393.6,82.6,35,8.3,2.36,53.58,60,208.78,268.78,8.77,16,1.44,0.0118,0.0098,0.0011,0.0009
5393.8,82.8,35.1,7.1,2.36,54.75,60,208.78,268.78,8.79,16,1.44,0.0121,0.01,0.001,0.0011
5394,83,35.2,7,2.36,53.55,60,208.78,268.78,8.77,16,1.44,0.0121,0.0101,0.0011,0.0009
5394.2,83.2,35.3,7.1,2.36,52.32,60,208.78,268.78,8.74,16,1.44,0.0159,0.0129,0.0016,0.0014
5394.4,83.4,35.4,6,2.36,54.63,60,208.78,268.78,8.95,16,1.44,0.0134,0.0112,0.0011,0.0011
5394.6,83.6,35.5,6.3,2.35,53.65,60,208.78,268.78,8.88,16,1.44,0.0123,0.0102,0.0011,0.001
5394.8,83.8,35.6,5.5,2.35,50.22,60,208.78,268.78,8.9,16,1.44,0.0122,0.0102,0.001,0.001
5395,84,35.7,3.4,2.36,50.9,60,208.78,268.78,8.97,16,1.44,0.0122,0.0102,0.001,0.001
5395.2,84.2,35.8,5.4,2.35,59.37,60,208.78,268.78,9.05,17,1.44,0.0125,0.0104,0.0011,0.001
5395.4,84.4,35.9,8.6,2.35,59.21,60,208.78,268.78,8.86,16,1.44,0.0124,0.0104,0.0011,0.0009
5395.6,84.6,36,4.9,2.35,56.54,60,208.78,268.78,8.83,16,1.44,0.012,0.0101,0.001,0.0009
5395.8,84.8,36.1,7,2.35,56.87,60,208.78,268.78,9.08,17,1.44,0.0122,0.0102,0.001,0.001
5396,85,36.2,4.9,2.35,50.99,60,208.78,268.78,9.03,16,1.44,0.0124,0.0103,0.0012,0.0009
5396.2,85.2,36.3,4.6,2.35,55.08,60,208.78,268.78,8.87,16,1.44,0.0125,0.0105,0.0011,0.0009
5396.4,85.4,36.4,8.5,2.35,56.72,60,208.78,268.78,8.9,16,1.44,0.0132,0.0108,0.0013,0.0011
5396.6,85.6,36.5,5.3,2.35,54.87,60,208.923,268.923,8.96,16,1.44,0.0133,0.0109,0.0013,0.0011
5396.8,85.8,36.6,4.6,2.35,55.04,60,208.78,268.78,9.1,17,1.44,0.0135,0.0111,0.0013,0.0011
5397,86,36.7,6.5,2.35,27.74,60,208.923,268.923,8.07,16,1.44,0.0139,0.0114,0.0014,0.0011
5397.2,86.2,36.7,3.2,2.35,52.7,60,208.78,268.78,9,16,1.44,0.0139,0.0115,0.0014,0.001
5397.4,86.4,36.8,5.2,2.35,58.26,60,208.78,268.78,9.05,16,1.44,0.0141,0.0117,0.0014,0.001
5397.6,86.6,36.9,6.1,2.35,56.3,60,208.78,268.78,8.95,16,1.44,0.0141,0.0115,0.0015,0.0011
5397.8,86.8,37,4.3,2.35,56.43,60,208.78,268.78,8.77,16,1.44,0.0128,0.0107,0.0012,0.0009
5398,87,37.1,5.3,2.35,58.19,60,208.78,268.78,9.07,16,1.44,0.0129,0.0106,0.0013,0.001
5398.2,87.2,37.2,5.2,2.35,56.26,60,208.923,268.923,9.08,16,1.44,0.013,0.0108,0.0013,0.0009
5398.4,87.4,37.2,4.5,2.35,55.88,60,208.78,268.78,9.01,16,1.44,0.0129,0.0107,0.0013,0.0009
5398.6,87.6,37.3,5.1,2.35,56.36,60,208.78,268.78,9.01,16,1.44,0.013,0.0108,0.0013,0.0009
5398.8,87.8,37.4,5.2,2.35,58.66,60,208.78,268.78,8.86,16,1.44,0.0132,0.0109,0.0013,0.001
5399,88,37.5,5.6,2.35,58.61,60,208.78,268.78,9.1,16,1.44,0.0132,0.0109,0.0013,0.001
5399.2,88.2,37.6,5.9,2.35,57.1,60,208.78,268.78,9,16,1.44,0.0138,0.0113,0.0015,0.001
5399.4,88.4,37.7,4.6,2.35,55.9,60,208.78,268.78,8.99,16,1.44,0.0138,0.0113,0.0015,0.001
5399.6,88.6,37.7,4.4,2.35,53.64,58,208.78,266.78,9.21,17,1.44,0.0134,0.011,0.0014,0.001
5399.8,88.8,37.8,5.3,2.35,54.69,60,208.78,268.78,8.9,16,1.44,0.0133,0.011,0.0014,0.0009
5400,89,37.9,4.8,2.35,55.83,60,208.78,268.78,9.09,16,1.44,0.0128,0.0106,0.0013,0.0009
5400.2,89.2,38,3.9,2.35,55.63,60,208.78,268.78,9.12,16,1.44,0.013,0.0108,0.0013,0.0009
5400.4,89.4,38,3.2,2.35,55.48,60,208.78,268.78,9.08,16,1.44,0.0132,0.0108,0.0014,0.001
5400.6,89.6,38.1,4.6,2.35,57.29,60,208.923,268.923,8.99,16,1.44,0.013,0.0107,0.0013,0.001
5400.8,89.8,38.2,6.6,2.35,58.33,60,208.78,268.78,8.9,16,1.44,0.0132,0.0109,0.0013,0.001
5401,90,38.3,4.9,2.35,56.67,60,208.78,268.78,8.87,16,1.44,0.0129,0.0106,0.0013,0.001
5401.2,90.2,38.4,6,2.35,59.55,60,208.78,268.78,8.77,16,1.44,0.0131,0.0108,0.0013,0.001
5401.4,90.4,38.5,6,2.35,54.6,60,208.923,268.923,8.73,16,1.44,0.0127,0.0106,0.0012,0.0009
5401.6,90.6,38.6,5.8,2.35,56.89,60,208.78,268.78,8.77,16,1.44,0.0128,0.0106,0.0013,0.0009
5401.8,90.8,38.7,5.2,2.35,57.4,60,208.78,268.78,8.89,16,1.44,0.0128,0.0106,0.0013,0.0009
5402,91,38.8,4.6,2.35,56.28,60,208.78,268.78,8.86,16,1.44,0.0135,0.0111,0.0014,0.001
5402.2,91.2,38.9,5.6,2.35,58.54,60,208.78,268.78,8.72,16,1.44,0.0136,0.0112,0.0014,0.001
5402.4,91.4,39,8.4,2.34,59.65,60,208.78,268.78,8.64,16,1.44,0.0128,0.0106,0.0013,0.0009
5402.6,91.6,39.1,5.6,2.34,57.57,60,208.923,268.923,8.66,16,1.44,0.0126,0.0104,0.0013,0.0009
5402.8,91.8,39.2,5,2.34,57.63,60,208.78,268.78,8.94,16,1.44,0.0128,0.0106,0.0013,0.0009
5403,92,39.2,4.2,2.34,59.69,60,208.78,268.78,9.07,16,1.44,0.0131,0.0108,0.0013,0.001
5403.2,92.2,39.3,4.3,2.35,58.86,60,208.923,268.923,9.01,16,1.44,0.0135,0.0112,0.0014,0.0009
5403.4,92.4,39.4,5,2.35,59.13,60,208.78,268.78,8.67,16,1.44,0.0138,0.0114,0.0015,0.0009
5403.6,92.6,39.5,7.5,2.34,59.79,60,208.78,268.78,8.81,16,1.44,0.0142,0.0116,0.0014,0.0012
5403.8,92.8,39.6,4.1,2.34,54,60,208.78,268.78,9.07,16,1.44,0.0131,0.011,0.0011,0.001
5404,93,39.6,3.6,2.35,58.12,60,208.923,268.923,9,16,1.44,0.0129,0.0106,0.0013,0.001
5404.2,93.2,39.7,4.5,2.35,59.31,60,208.78,268.78,8.85,16,1.44,0.0129,0.0106,0.0014,0.0009
5404.4,93.4,39.8,3.7,2.35,58.58,60,208.78,268.78,9.1,16,1.44,0.0132,0.0109,0.0014,0.0009
5404.6,93.6,39.8,3.5,2.35,58.17,59,208.78,267.78,9.12,16,1.44,0.0134,0.0111,0.0014,0.0009
5404.8,93.8,40,6.4,2.35,61.36,60,208.78,268.78,8.82,16,1.44,0.0135,0.0111,0.0015,0.0009
5405,94,40,5.5,2.35,57.37,60,208.78,268.78,9.06,16,1.44,0.0137,0.0113,0.0014,0.001
5405.2,94.2,40.1,3.2,2.35,57.05,59,208.923,267.923,9.14,16,1.44,0.0137,0.0113,0.0015,0.0009
5405.4,94.4,40.2,3.7,2.35,56.33,60,208.78,268.78,9.03,16,1.44,0.0136,0.0113,0.0014,0.0009
5405.6,94.6,40.2,4.5,2.35,56.58,60,208.78,268.78,8.99,16,1.44,0.0138,0.0113,0.0015,0.001
5405.8,94.8,40.3,4.7,2.35,58.91,60,208.78,268.78,8.69,16,1.44,0.0135,0.011,0.0015,0.001
5406,95,40.4,5.6,2.35,59.71,60,208.923,268.923,8.86,16,1.44,0.0137,0.0112,0.0015,0.001
5406.2,95.2,40.5,5.1,2.35,58.96,60,208.78,268.78,8.96,16,1.44,0,0,0,0
5406.4,95.4,40.6,4,2.35,60.11,60,208.78,268.78,8.78,16,1.44,0,0,0,0
5406.6,95.6,40.6,5.7,2.35,64.36,60,208.78,268.78,9.08,16,1.44,0,0,0,0
5406.8,95.8,40.9,12.9,2.34,20.91,46,163.449,209.449,6.48,12,1.43,0,0,0,0
5407,96,41,6.9,2.34,43.38,60,208.78,268.78,8.9,16,1.44,0,0,0,0
5407.2,96.2,41.1,6,2.34,43.87,60,208.923,268.923,8.65,16,1.44,0,0,0,0
5407.4,96.4,41.2,7.4,2.34,42.8,60,208.923,268.923,8.79,16,1.44,0,0,0,0
5407.6,96.6,41.3,7,2.34,43.98,60,208.923,268.923,8.74,16,1.44,0,0,0,0
5407.8,96.8,41.4,5.3,2.34,39.88,60,208.78,268.78,9,16,1.44,0,0,0,0
5408,97,41.5,4.3,2.34,39.03,59,208.78,267.78,8.92,16,1.44,0,0,0,0
5408.2,97.2,41.5,3.6,2.34,43.34,60,208.923,268.923,9.02,16,1.44,0.0137,0.0112,0.0016,0.0009
5408.4,97.4,41.6,5.5,2.34,45.54,59,208.78,267.78,9.13,16,1.44,0.0142,0.0117,0.0016,0.0009
5408.6,97.6,41.7,4.3,2.34,44.29,60,208.78,268.78,8.84,16,1.44,0.0141,0.0115,0.0016,0.001
5408.8,97.8,41.8,5.4,2.34,47.8,60,208.78,268.78,9.08,16,1.44,0.0143,0.0117,0.0016,0.001
5409,98,41.9,4.3,2.34,47.57,59,208.78,267.78,9.16,16,1.44,0.0141,0.0115,0.0016,0.001
5409.2,98.2,42,6.2,2.34,49.68,60,208.923,268.923,8.88,16,1.44,0.014,0.0114,0.0016,0.001
5409.4,98.4,42.1,5.7,2.34,47.76,60,208.78,268.78,8.87,16,1.44,0.0138,0.0113,0.0016,0.0009
5409.6,98.6,42.2,6.4,2.34,51.63,60,208.78,268.78,9.01,16,1.44,0.014,0.0114,0.0016,0.001
5409.8,98.8,42.2,4.3,2.34,50.84,60,208.923,268.923,8.98,16,1.44,0.0143,0.0117,0.0017,0.0009
5410,99,42.4,8.4,2.34,49.45,59,208.78,267.78,8.98,16,1.44,0.0144,0.0117,0.0017,0.001
5410.2,99.2,42.4,3.5,2.34,41.14,60,208.78,268.78,8.75,16,1.44,0.0141,0.0116,0.0016,0.0009
5410.4,99.4,42.5,6.1,2.34,49.46,59,208.923,267.923,9.07,16,1.44,0.0154,0.0125,0.0018,0.0011
5410.6,99.6,42.7,7.1,2.33,39.77,60,208.78,268.78,8.92,16,1.44,0.0135,0.011,0.0015,0.001
5410.8,99.8,42.7,2.5,2.34,34.75,60,208.78,268.78,8.75,16,1.44,0.0135,0.011,0.0015,0.001
5411,100,42.7,2.8,2.34,51.26,59,208.78,267.78,9.08,16,1.44,0.0131,0.0107,0.0015,0.0009
5411.2,100.2,42.9,8.1,2.34,51.91,60,208.923,268.923,8.9,16,1.44,0.0125,0.0104,0.0013,0.0008
5411.4,100.4,43,6.9,2.34,46.43,60,208.78,268.78,8.77,16,1.44,0.0124,0.0103,0.0013,0.0008
5411.6,100.6,43.1,4,2.34,46.02,60,208.78,268.78,8.91,16,1.44,0.0124,0.0103,0.0013,0.0008
5411.8,100.8,43.2,7.4,2.33,46.27,60,208.923,268.923,8.87,16,1.44,0.012,0.0101,0.0012,0.0007
5412,101,43.3,5.3,2.33,49.27,60,208.78,268.78,8.78,16,1.44,0.0122,0.0103,0.0012,0.0007
5412.2,101.2,43.4,7.3,2.33,48.36,60,208.78,268.78,8.68,16,1.44,0.0124,0.0103,0.0013,0.0008
5412.4,101.4,43.5,6.1,2.33,50.93,60,208.78,268.78,8.71,16,1.44,0.0125,0.0103,0.0013,0.0009
5412.6,101.6,43.6,7,2.33,51.85,60,208.78,268.78,8.86,16,1.44,0.0125,0.0105,0.0013,0.0007
5412.8,101.8,43.7,4.7,2.33,45.57,60,208.78,268.78,9.01,16,1.44,0.0124,0.0104,0.0013,0.0007
5413,102,43.8,4.7,2.33,48.58,60,208.78,268.78,8.82,16,1.44,0.0125,0.0104,0.0014,0.0007
5413.2,102.2,43.9,6.8,2.33,52.43,60,208.78,268.78,8.77,16,1.44,0.0124,0.0104,0.0013,0.0007
5413.4,102.4,44,5.7,2.33,13.14,60,208.78,268.78,8.2,15,1.44,0.0126,0.0105,0.0014,0.0007
5413.6,102.6,44.1,5.4,2.33,25.68,60,208.923,268.923,8.84,16,1.44,0.0123,0.0103,0.0013,0.0007
5413.8,102.8,44.2,5.9,2.33,33.05,60,208.78,268.78,8.83,16,1.44,0.0126,0.0105,0.0014,0.0007
5414,103,44.3,6.2,2.33,66.11,60,208.78,268.78,8.63,16,1.44,0.0125,0.0105,0.0013,0.0007
5414.2,103.2,44.4,6.2,2.33,63.15,60,208.923,268.923,8.74,16,1.44,0.0124,0.0104,0.0014,0.0006
5414.4,103.4,44.5,4.9,2.33,62.91,60,208.78,268.78,8.66,16,1.44,0.0125,0.0106,0.0013,0.0006
5414.6,103.6,44.6,6.6,2.32,62.28,60,208.78,268.78,8.47,16,1.44,0.0124,0.0103,0.0013,0.0008
5414.8,103.8,44.7,5.8,2.32,62,60,208.923,268.923,8.72,17,1.44,0.0122,0.0103,0.0013,0.0006
5415,104,44.8,6,2.32,62.28,60,208.78,268.78,8.6,17,1.44,0.0127,0.0105,0.0014,0.0008
5415.2,104.2,44.9,6.1,2.32,63.34,60,208.923,268.923,8.55,16,1.44,0.0122,0.0103,0.0013,0.0006
5415.4,104.4,45,7.3,2.32,62.18,60,208.78,268.78,8.65,16,1.44,0.0125,0.0104,0.0014,0.0007
5415.6,104.6,45.1,4.8,2.32,61.71,60,208.78,268.78,8.94,17,1.44,0.0128,0.0108,0.0014,0.0006
5415.8,104.8,45.1,4.3,2.32,60.82,60,208.923,268.923,8.87,17,1.44,0.0128,0.0108,0.0014,0.0006
5416,105,45.2,5.3,2.32,64.41,64,208.923,272.923,8.9,16,1.44,0.0128,0.0107,0.0015,0.0006
5416.2,105.2,45.3,4.8,2.32,61.13,65,208.78,273.78,9.1,17,1.44,0.0126,0.0106,0.0014,0.0006
5416.4,105.4,45.4,3.3,2.32,59.52,65,208.78,273.78,9.08,17,1.44,0.0127,0.0106,0.0015,0.0006
5416.6,105.6,45.4,4.8,2.32,63.67,65,208.78,273.78,9.18,17,1.44,0.0125,0.0105,0.0014,0.0006
5416.8,105.8,45.5,4.5,2.32,58.78,65,208.78,273.78,8.98,17,1.44,0.0124,0.0105,0.0013,0.0006
5417,106,45.6,4.4,2.33,60.26,65,208.923,273.923,9.07,17,1.44,0.0122,0.0103,0.0013,0.0006
5417.2,106.2,45.7,5.3,2.33,63.01,65,208.78,273.78,8.97,17,1.44,0.0125,0.0105,0.0014,0.0006
5417.4,106.4,45.8,4.7,2.33,60.66,65,208.923,273.923,8.96,17,1.44,0.0131,0.011,0.0015,0.0006
5417.6,106.6,45.9,5.8,2.32,61.29,65,208.78,273.78,9.12,17,1.44,0.0128,0.0107,0.0015,0.0006
5417.8,106.8,45.9,3.7,2.33,55.81,65,208.78,273.78,9.06,17,1.44,0.0129,0.0107,0.0016,0.0006
5418,107,46,4.5,2.33,56.39,65,208.78,273.78,9.1,17,1.44,0.0128,0.0107,0.0015,0.0006
5418.2,107.2,46.1,4.4,2.33,56.56,65,208.78,273.78,8.91,17,1.44,0.0124,0.0104,0.0014,0.0006
5418.4,107.4,46.2,5.8,2.33,61.72,65,208.78,273.78,8.93,16,1.44,0.0123,0.0103,0.0014,0.0006
5418.6,107.6,46.2,4.4,2.33,61.85,65,208.78,273.78,9.07,16,1.44,0.0122,0.0103,0.0013,0.0006
5418.8,107.8,46.3,5.2,2.33,57.55,65,208.78,273.78,9.11,17,1.44,0.0127,0.0106,0.0015,0.0006
5419,108,46.4,4.4,2.33,58.03,65,208.78,273.78,8.91,16,1.44,0.0127,0.0106,0.0015,0.0006
5419.2,108.2,46.5,5,2.33,61.4,65,208.78,273.78,9,16,1.44,0.0127,0.0106,0.0015,0.0006
5419.4,108.4,46.5,4.3,2.33,59.37,65,208.78,273.78,9.13,17,1.44,0.0131,0.0108,0.0015,0.0008
5419.6,108.6,46.6,4.4,2.33,60.06,65,208.78,273.78,9.03,16,1.44,0.0128,0.0107,0.0015,0.0006
5419.8,108.8,46.7,4.6,2.33,58.51,65,208.78,273.78,9.13,17,1.44,0.0129,0.0108,0.0015,0.0006
5420,109,46.8,4.4,2.33,59.43,65,208.78,273.78,8.94,16,1.44,0.0127,0.0107,0.0014,0.0006
5420.2,109.2,46.8,4.6,2.33,58.75,65,208.78,273.78,9.22,17,1.44,0.0127,0.0106,0.0015,0.0006
5420.4,109.4,46.9,3.4,2.33,58.16,65,209.209,274.209,9.19,17,1.44,0.0125,0.0105,0.0014,0.0006
5420.6,109.6,47,4.5,2.33,59.9,65,213.07,278.07,9.11,17,1.45,0.0129,0.0107,0.0016,0.0006
5420.8,109.8,47.1,4.6,2.33,58.12,65,212.927,277.927,9.11,17,1.45,0.013,0.0109,0.0015,0.0006
5421,110,47.1,5.5,2.33,58.47,65,213.07,278.07,8.86,16,1.45,0.013,0.0108,0.0014,0.0008
5421.2,110.2,47.2,4.7,2.33,54.54,65,213.07,278.07,9.07,17,1.45,0.0127,0.0106,0.0015,0.0006
5421.4,110.4,47.3,4.7,2.33,54.3,65,213.07,278.07,8.96,17,1.45,0.0127,0.0106,0.0015,0.0006
5421.6,110.6,47.4,4.3,2.33,50.65,65,213.07,278.07,8.93,16,1.45,0.0126,0.0106,0.0014,0.0006
5421.8,110.8,47.4,3,2.34,49.92,65,213.07,278.07,9.06,17,1.45,0.0123,0.0103,0.0014,0.0006
5422,111,47.5,5.2,2.34,51.04,65,213.07,278.07,8.87,17,1.45,0.0124,0.0103,0.0014,0.0007
5422.2,111.2,47.6,5.9,2.34,51,65,213.07,278.07,8.69,16,1.45,0.0125,0.0104,0.0014,0.0007
5422.4,111.4,47.7,4.4,2.34,51.68,65,213.07,278.07,8.78,17,1.45,0.0125,0.0104,0.0015,0.0006
5422.6,111.6,47.8,5.7,2.34,51.38,65,213.07,278.07,8.91,17,1.45,0.0125,0.0105,0.0014,0.0006
5422.8,111.8,47.8,3,2.34,45.22,65,213.07,278.07,8.99,17,1.45,0.0132,0.011,0.0016,0.0006
5423,112,47.9,3,2.34,51.31,65,212.927,277.927,9.02,17,1.45,0.0145,0.0119,0.0017,0.0009
5423.2,112.2,48,5.9,2.34,52.99,65,213.07,278.07,8.94,17,1.45,0,0,0,0
5423.4,112.4,48,4.1,2.34,49.16,65,212.927,277.927,8.85,17,1.45,0,0,0,0
5423.6,112.6,48.2,6.8,2.34,52.2,65,213.07,278.07,8.81,17,1.45,0,0,0,0
5423.8,112.8,48.3,7.7,2.34,51.83,65,213.07,278.07,8.64,16,1.45,0,0,0,0
5424,113,48.4,4.5,2.34,55.06,65,213.07,278.07,8.69,16,1.45,0,0,0,0
5424.2,113.2,48.4,4.4,2.34,53.9,65,213.07,278.07,9.06,17,1.45,0,0,0,0
5424.4,113.4,48.5,4,2.34,56.21,65,213.07,278.07,9.06,17,1.45,0,0,0,0
5424.6,113.6,48.6,4.2,2.34,53.03,65,212.927,277.927,8.93,17,1.45,0,0,0,0
5424.8,113.8,48.6,3.9,2.34,53.84,65,213.07,278.07,8.8,17,1.45,0,0,0,0
5425,114,48.7,5.2,2.34,53.49,65,213.07,278.07,8.69,17,1.45,0,0,0,0
5425.2,114.2,48.8,5.6,2.34,54.77,65,212.927,277.927,8.71,17,1.45,0,0,0,0
5425.4,114.4,48.9,5.6,2.34,58.48,65,213.07,278.07,8.79,17,1.45,0,0,0,0
5425.6,114.6,49,7,2.34,59.01,65,213.07,278.07,8.68,17,1.45,0,0,0,0
5425.8,114.8,49.3,15,2.33,22.73,51,194.194,245.194,6.59,14,1.44,0,0,0,0
5426,115,49.3,4.6,2.33,54.58,65,216.359,281.359,9.1,17,1.45,0,0,0,0
5426.2,115.2,49.4,4,2.33,49.79,64,216.216,280.216,9.07,17,1.45,0.0131,0.0107,0.0016,0.0008
5426.4,115.4,49.5,3,2.33,53.32,64,216.502,280.502,9.13,17,1.45,0.0132,0.0108,0.0016,0.0008
5426.6,115.6,49.5,4.7,2.33,53.43,65,216.073,281.073,8.9,17,1.45,0.0131,0.011,0.0015,0.0006
5426.8,115.8,49.6,4.5,2.33,55.86,65,216.216,281.216,8.97,17,1.45,0.0141,0.0114,0.0017,0.001
5427,116,49.7,5.3,2.33,55.64,65,216.359,281.359,8.88,17,1.45,0.0134,0.0112,0.0016,0.0006
5427.2,116.2,49.8,4.3,2.33,56.69,65,216.073,281.073,8.99,17,1.45,0.0132,0.011,0.0016,0.0006
5427.4,116.4,49.8,4.4,2.34,58.04,65,216.502,281.502,9.03,17,1.45,0.0135,0.0112,0.0017,0.0006
5427.6,116.6,49.9,4.5,2.34,59.39,65,216.073,281.073,8.96,17,1.45,0.0135,0.0111,0.0018,0.0006
5427.8,116.8,50,5.4,2.34,59.82,65,216.216,281.216,9.01,17,1.45,0.0138,0.0113,0.0017,0.0008
5428,117,50.1,5.5,2.34,59.69,65,216.216,281.216,8.87,17,1.45,0.0134,0.011,0.0018,0.0006
5428.2,117.2,50.2,5.2,2.34,55.11,64,216.216,280.216,9.07,17,1.45,0.0135,0.0112,0.0017,0.0006
5428.4,117.4,50.2,3.6,2.34,52.08,65,216.216,281.216,9.1,17,1.45,0.0133,0.011,0.0017,0.0006
5428.6,117.6,50.3,3.8,2.34,55.59,65,216.645,281.645,9.02,17,1.45,0.0132,0.011,0.0016,0.0006
5428.8,117.8,50.4,4.3,2.34,57.86,65,220.363,285.363,8.95,17,1.45,0.0131,0.0109,0.0016,0.0006
5429,118,50.5,4.5,2.34,58.82,65,220.363,285.363,9.05,18,1.45,0.0131,0.0109,0.0016,0.0006
5429.2,118.2,50.5,4,2.34,60.49,65,220.363,285.363,9.04,18,1.45,0.0132,0.0108,0.0016,0.0008
5429.4,118.4,50.6,4.5,2.34,56.94,64,220.363,284.363,9.11,18,1.45,0.0129,0.0108,0.0015,0.0006
5429.6,118.6,50.7,3.4,2.34,59.4,65,220.363,285.363,9.06,18,1.45,0.0128,0.0106,0.0016,0.0006
5429.8,118.8,50.7,3.4,2.34,62.56,65,220.363,285.363,8.96,18,1.45,0.0128,0.0106,0.0016,0.0006
5430,119,50.8,4.7,2.34,63.7,65,220.363,285.363,8.89,17,1.45,0.0128,0.0107,0.0015,0.0006
5430.2,119.2,50.9,4.3,2.34,64.38,65,220.363,285.363,8.91,18,1.45,0,0,0,0
5430.4,119.4,51,6.2,2.34,65.5,65,220.363,285.363,8.75,17,1.45,0,0,0,0
5430.6,119.6,51.1,5,2.34,64.39,65,220.363,285.363,8.8,17,1.45,0,0,0,0
5430.8,119.8,51.1,4.1,2.34,64.17,65,220.363,285.363,8.98,18,1.45,0,0,0,0
5431,120,51.2,4.5,2.34,64.36,65,220.363,285.363,8.97,18,1.45,0,0,0,0
5431.2,120.2,51.3,4.3,2.34,61.6,65,220.363,285.363,8.88,17,1.45,0,0,0,0
5431.4,120.4,51.3,3.5,2.35,62.3,65,220.363,285.363,8.86,18,1.45,0,0,0,0
5431.6,120.6,51.4,5.4,2.35,64.64,65,220.363,285.363,8.86,17,1.45,0,0,0,0
5431.8,120.8,51.5,3.3,2.35,62.01,65,220.363,285.363,8.97,18,1.45,0,0,0,0
5432,121,51.5,4.4,2.35,66.3,65,220.363,285.363,8.84,17,1.45,0,0,0,0
5432.2,121.2,51.6,4.9,2.35,64.95,65,220.363,285.363,8.83,17,1.45,0,0,0,0
5432.4,121.4,51.7,5.8,2.35,68.23,65,220.363,285.363,8.67,17,1.45,0,0,0,0
5432.6,121.6,51.8,4.3,2.35,64.23,65,220.363,285.363,8.79,17,1.45,0,0,0,0
5432.8,121.8,51.9,5.1,2.35,66.86,65,220.363,285.363,8.67,17,1.45,0,0,0,0
5433,122,52,6.2,2.35,68.21,65,220.363,285.363,8.78,17,1.45,0,0,0,0
5433.2,122.2,52.1,4.7,2.35,67.39,65,220.363,285.363,8.94,17,1.45,0,0,0,0
5433.4,122.4,52.1,4.4,2.35,66.35,65,220.363,285.363,8.78,17,1.45,0,0,0,0
5433.6,122.6,52.2,5.8,2.35,65.16,65,220.363,285.363,8.63,17,1.45,0,0,0,0
5433.8,122.8,52.3,6,2.35,65.53,65,220.363,285.363,8.59,17,1.45,0,0,0,0
5434,123,52.4,5.5,2.35,65,65,220.363,285.363,8.71,17,1.45,0.014,0.0113,0.0018,0.0009
5434.2,123.2,52.5,4.5,2.35,64.78,65,220.363,285.363,8.83,17,1.45,0.0142,0.0114,0.0019,0.0009
5434.4,123.4,52.6,4.1,2.35,65.59,65,220.363,285.363,8.81,17,1.45,0.014,0.0114,0.0018,0.0008
5434.6,123.6,52.7,5.3,2.35,64.28,65,220.363,285.363,8.67,17,1.45,0.014,0.0113,0.0018,0.0009
5434.8,123.8,52.7,2.7,2.35,64.21,65,220.363,285.363,8.93,18,1.45,0.0133,0.0109,0.0016,0.0008
5435,124,52.8,4,2.35,64.68,65,220.363,285.363,8.93,18,1.45,0.0132,0.0107,0.0016,0.0009
5435.2,124.2,52.9,6,2.35,65.63,65,220.363,285.363,8.84,17,1.45,0.0128,0.0103,0.0016,0.0009
5435.4,124.4,53,5.9,2.35,29.16,47,178.75,225.75,6.16,13,1.44,0.0128,0.0105,0.0014,0.0009
5435.6,124.67,53,5,2.35,53.73,64,220.363,284.363,8.52,17,1.45,0.0129,0.0106,0.0014,0.0009
5435.8,124.8,53,3.6,2.35,57.77,64,220.363,284.363,8.77,17,1.45,0.0133,0.0108,0.0016,0.0009
5436,125,53.1,5.2,2.35,56.06,64,220.506,284.506,8.64,17,1.45,0.0135,0.0109,0.0017,0.0009
5436.2,125.2,53.2,5.3,2.35,56.93,65,220.363,285.363,8.64,17,1.45,0.013,0.0106,0.0016,0.0008
5436.4,125.4,53.3,6.4,2.35,58.63,65,220.506,285.506,8.56,17,1.45,0.013,0.0106,0.0016,0.0008
5436.6,125.6,53.4,5.1,2.35,57.03,65,220.506,285.506,8.63,17,1.45,0.0157,0.0125,0.002,0.0012
5436.8,125.8,53.5,7.3,2.35,56.9,65,220.363,285.363,8.6,17,1.45,0.0169,0.0135,0.0021,0.0013
5437,126,53.6,5.3,2.35,57.48,65,220.506,285.506,8.72,17,1.45,0.0129,0.0105,0.0015,0.0009
5437.2,126.2,53.7,7.7,2.35,58.52,65,220.363,285.363,8.7,17,1.45,0.0127,0.0103,0.0014,0.001
5437.4,126.4,53.8,4.3,2.35,55.41,65,220.506,285.506,8.61,17,1.45,0.0127,0.0101,0.0014,0.0012
5437.6,126.6,53.9,8.7,2.35,58.45,65,220.506,285.506,8.56,17,1.45,0.0129,0.0103,0.0016,0.001
5437.8,126.8,54,5.4,2.35,58.51,65,220.363,285.363,8.67,17,1.45,0.0131,0.0106,0.0016,0.0009
5438,127,54.1,5.8,2.35,58.29,65,220.363,285.363,8.77,17,1.45,0.0127,0.0104,0.0015,0.0008
5438.2,127.2,54.2,6.3,2.35,60.53,64,220.363,284.363,8.55,17,1.45,0.0131,0.0106,0.0015,0.001
5438.4,127.4,54.3,6.1,2.34,60.29,60,220.506,280.506,8.44,17,1.45,0.0132,0.0107,0.0016,0.0009
5438.6,127.6,54.5,8.3,2.34,60.93,60,220.363,280.363,8.5,17,1.45,0.0131,0.0106,0.0015,0.001
5438.8,127.8,54.6,4.8,2.34,57.42,60,220.363,280.363,8.8,17,1.45,0.0128,0.0103,0.0015,0.001
5439,128,54.6,4.9,2.34,57.3,60,220.506,280.506,8.57,17,1.45,0.0128,0.0104,0.0015,0.0009
5439.2,128.2,54.8,7.9,2.34,56.37,60,220.363,280.363,8.35,17,1.45,0.0126,0.0102,0.0015,0.0009
5439.4,128.4,54.8,4.2,2.34,58.1,60,220.363,280.363,8.64,18,1.45,0.0127,0.0103,0.0014,0.001
5439.6,128.6,54.9,5.7,2.34,57.8,60,220.363,280.363,8.38,17,1.45,0.0131,0.0104,0.0015,0.0012
5439.8,128.8,55,6.7,2.34,57.2,60,220.363,280.363,8.51,17,1.45,0.013,0.0104,0.0015,0.0011
5440,129,55.1,4.9,2.34,56.63,60,220.363,280.363,8.51,17,1.45,0.0128,0.0103,0.0015,0.001
5440.2,129.2,55.2,5.7,2.34,58.6,60,220.363,280.363,8.47,17,1.45,0.0129,0.0103,0.0014,0.0012
5440.4,129.4,55.3,7.1,2.34,60.27,60,220.506,280.506,8.29,17,1.45,0.0128,0.0103,0.0014,0.0011
5440.6,129.6,55.4,5.2,2.34,41.04,60,216.645,276.645,7.76,16,1.45,0.0128,0.0103,0.0015,0.001
5440.8,129.8,55.5,5.5,2.34,72.62,60,220.363,280.363,8.6,17,1.45,0.0135,0.0107,0.0016,0.0012
5441,130,55.6,6.4,2.34,70.92,60,220.506,280.506,8.78,18,1.45,0.0138,0.0111,0.0017,0.001
5441.2,130.2,55.7,4.8,2.34,72.84,60,220.363,280.363,8.91,18,1.45,0.0138,0.0112,0.0017,0.0009
5441.4,130.4,55.8,6.3,2.34,62.93,60,220.363,280.363,8.61,17,1.45,0.0135,0.0111,0.0016,0.0008
5441.6,130.6,55.9,5.1,2.34,60.87,60,220.506,280.506,8.8,18,1.45,0.0132,0.0108,0.0016,0.0008
5441.8,130.8,56,4.6,2.34,61.56,60,220.363,280.363,8.76,17,1.45,0.013,0.0106,0.0015,0.0009
5442,131,56.1,6.5,2.34,63.42,60,220.363,280.363,8.75,18,1.45,0.0128,0.0106,0.0015,0.0007
5442.2,131.2,56.2,5.8,2.34,62.79,60,220.363,280.363,8.53,17,1.45,0.0129,0.0106,0.0016,0.0007
5442.4,131.4,56.3,5.5,2.34,64.06,60,220.363,280.363,8.62,17,1.45,0.0134,0.0109,0.0017,0.0008
5442.6,131.6,56.4,5.7,2.33,63.12,60,220.363,280.363,8.82,18,1.45,0.0131,0.0107,0.0016,0.0008
5442.8,131.8,56.4,4.6,2.34,64.96,60,220.506,280.506,8.72,17,1.45,0.0135,0.0111,0.0016,0.0008
5443,132,56.6,6.7,2.33,65,60,220.363,280.363,8.89,18,1.45,0.0136,0.0111,0.0017,0.0008
5443.2,132.2,56.6,4.1,2.33,61.15,60,220.363,280.363,8.75,17,1.45,0.0134,0.0108,0.0017,0.0009
5443.4,132.4,56.7,4.8,2.34,66.2,60,220.363,280.363,9.03,18,1.45,0.0136,0.011,0.0017,0.0009
5443.6,132.6,56.8,4.6,2.34,61.64,60,220.363,280.363,8.78,18,1.45,0.0135,0.0109,0.0017,0.0009
5443.8,132.8,56.9,4.6,2.34,61.66,60,220.363,280.363,8.81,18,1.45,0.0135,0.0109,0.0017,0.0009
5444,133,56.9,4.7,2.34,60.85,60,220.506,280.506,8.78,18,1.45,0.0136,0.011,0.0017,0.0009
5444.2,133.2,57,5.4,2.34,62.28,60,220.363,280.363,8.66,17,1.45,0.0133,0.0108,0.0017,0.0008
5444.4,133.4,57.1,4.8,2.34,66.33,60,220.363,280.363,8.91,18,1.45,0.0133,0.0108,0.0017,0.0008
5444.6,133.6,57.2,4.5,2.34,65.55,60,220.363,280.363,8.83,18,1.45,0.0136,0.0111,0.0017,0.0008
5444.8,133.8,57.3,4.7,2.34,66.57,60,220.363,280.363,8.95,18,1.45,0.0137,0.0111,0.0017,0.0009
5445,134,57.3,4.9,2.34,68.17,60,220.506,280.506,8.8,18,1.45,0.0134,0.0109,0.0017,0.0008
5445.2,134.2,57.4,5.1,2.34,68.66,60,220.363,280.363,8.74,18,1.45,0.0136,0.011,0.0017,0.0009
5445.4,134.4,57.5,4.7,2.34,68.27,60,220.363,280.363,8.83,18,1.45,0.0136,0.011,0.0017,0.0009
5445.6,134.6,57.6,6.4,2.34,68.65,60,220.506,280.506,8.78,18,1.45,0.0134,0.0109,0.0017,0.0008
5445.8,134.8,57.7,5.4,2.34,29.64,60,220.363,280.363,7.86,17,1.45,0.0132,0.0107,0.0016,0.0009
5446,135,57.8,5.8,2.34,59.96,59,220.363,279.363,8.6,17,1.45,0.0132,0.0107,0.0016,0.0009
5446.2,135.2,57.9,5.7,2.34,60.62,60,220.506,280.506,8.58,17,1.45,0.0133,0.0108,0.0016,0.0009
5446.4,135.4,58,5,2.34,60.42,60,220.363,280.363,8.62,17,1.45,0.0134,0.0108,0.0017,0.0009
5446.6,135.6,58.1,5.6,2.34,61.13,60,220.363,280.363,8.69,18,1.45,0.013,0.0105,0.0016,0.0009
5446.8,135.8,58.2,5.5,2.34,59.24,60,220.363,280.363,8.47,17,1.45,0.0129,0.0105,0.0015,0.0009
5447,136,58.3,6.1,2.33,60.82,60,220.506,280.506,8.46,17,1.45,0.0128,0.0104,0.0015,0.0009
5447.2,136.2,58.3,4.3,2.33,68.83,60,220.363,280.363,8.67,18,1.45,0.0129,0.0105,0.0016,0.0008
5447.4,136.4,58.4,5.8,2.33,71.46,60,220.363,280.363,8.69,18,1.45,0.0133,0.0108,0.0016,0.0009
5447.6,136.6,58.5,6.3,2.33,71.35,60,220.506,280.506,8.65,18,1.45,0.013,0.0107,0.0015,0.0008
5447.8,136.8,58.7,8,2.33,71.75,60,220.363,280.363,8.47,17,1.45,0.0132,0.0107,0.0016,0.0009
5448,137,58.7,4.3,2.33,70.86,60,220.506,280.506,8.76,18,1.45,0.0134,0.0108,0.0017,0.0009
5448.2,137.2,58.8,4.5,2.33,70.75,60,220.363,280.363,8.78,18,1.45,0.0135,0.0109,0.0017,0.0009
5448.4,137.4,58.9,5.2,2.33,70.81,60,220.363,280.363,8.89,18,1.45,0.0136,0.0111,0.0017,0.0008
5448.6,137.6,59,3.8,2.33,69.16,60,220.363,280.363,8.85,18,1.45,0.0135,0.011,0.0017,0.0008
5448.8,137.8,59.1,5.8,2.33,72.67,60,220.363,280.363,8.81,18,1.45,0.0138,0.0111,0.0018,0.0009
5449,138,59.1,4.8,2.33,69.23,60,220.506,280.506,8.72,18,1.45,0.0138,0.0111,0.0018,0.0009
5449.2,138.2,59.2,4.5,2.33,72.2,60,220.363,280.363,8.83,18,1.45,0.0138,0.0111,0.0018,0.0009
5449.4,138.4,59.3,5.1,2.33,71.46,60,220.363,280.363,8.88,18,1.45,0.0138,0.0112,0.0018,0.0008
5449.6,138.6,59.4,4.7,2.33,71.67,60,220.363,280.363,8.72,18,1.45,0.0141,0.0113,0.0019,0.0009
5449.8,138.8,59.5,5.2,2.33,42.35,60,220.506,280.506,7.95,17,1.45,0.0139,0.0112,0.0018,0.0009
5450,139,59.5,3.5,2.34,72.59,60,220.363,280.363,8.97,18,1.45,0.0138,0.0112,0.0018,0.0008
5450.2,139.2,59.6,3.9,2.34,76.16,60,220.363,280.363,8.83,18,1.45,0.0142,0.0114,0.0019,0.0009
5450.4,139.4,59.7,4.2,2.34,80.49,60,220.363,280.363,9.04,18,1.45,0.0144,0.0116,0.0019,0.0009
5450.6,139.6,59.7,3.7,2.34,79.58,60,220.506,280.506,8.85,18,1.45,0.0142,0.0114,0.0019,0.0009
5450.8,139.8,59.8,5.1,2.34,79.5,60,220.363,280.363,8.97,18,1.45,0.0143,0.0114,0.002,0.0009
5451,140,59.9,4.9,2.34,77.3,60,220.363,280.363,8.96,18,1.45,0.0143,0.0114,0.002,0.0009
5451.2,140.2,59.9,3.8,2.34,74.17,60,220.363,280.363,8.72,18,1.45,0.0136,0.011,0.0017,0.0009
5451.4,140.4,60.1,6.5,2.34,76.34,60,220.363,280.363,8.76,18,1.45,0.0137,0.011,0.0018,0.0009
5451.6,140.6,60.1,5.1,2.34,72.95,60,220.506,280.506,8.73,18,1.45,0.0148,0.012,0.002,0.0008
5451.8,140.8,60.2,3.9,2.34,72.23,60,220.363,280.363,8.69,18,1.45,0.0153,0.0122,0.0021,0.001
5452,141,60.3,4.1,2.34,79.83,60,220.363,280.363,8.85,18,1.45,0.0137,0.011,0.0018,0.0009
5452.2,141.2,60.4,6.3,2.34,77.32,60,220.363,280.363,8.73,18,1.45,0.0137,0.0111,0.0018,0.0008
5452.4,141.4,60.5,4.9,2.34,78.56,60,220.506,280.506,8.69,18,1.45,0.0135,0.011,0.0017,0.0008
5452.6,141.6,60.5,5.1,2.34,79.08,60,220.363,280.363,8.8,18,1.45,0.0134,0.0108,0.0017,0.0009
5452.8,141.8,60.6,4.1,2.34,76.42,60,220.363,280.363,8.85,18,1.45,0.0139,0.0112,0.0018,0.0009
5453,142,60.7,5.8,2.34,76.51,60,220.363,280.363,8.79,18,1.45,0.0136,0.011,0.0017,0.0009
5453.2,142.2,60.8,5.6,2.34,76.27,60,220.363,280.363,8.69,18,1.45,0.0136,0.011,0.0018,0.0008
5453.4,142.4,60.9,5,2.34,70.8,60,220.506,280.506,8.65,18,1.45,0.0137,0.0111,0.0018,0.0008
5453.6,142.6,61,3.9,2.34,74.72,60,220.363,280.363,8.77,18,1.45,0.0134,0.0109,0.0017,0.0008
5453.8,142.8,61,5.1,2.34,76.16,60,220.363,280.363,8.77,18,1.45,0.0136,0.0109,0.0018,0.0009
5454,143,61.2,6.8,2.34,72.82,60,220.363,280.363,8.67,18,1.45,0.014,0.0112,0.0019,0.0009
5454.2,143.2,61.2,3.7,2.34,70.48,60,220.363,280.363,8.58,18,1.45,0.0139,0.0112,0.0018,0.0009
5454.4,143.4,61.3,3.7,2.34,74.35,60,220.506,280.506,8.62,18,1.45,0.014,0.0112,0.0018,0.001
5454.6,143.6,61.4,5,2.34,82.49,60,220.363,280.363,8.8,18,1.45,0.0142,0.0114,0.0019,0.0009
5454.8,143.8,61.5,6.5,2.34,83.63,60,220.506,280.506,8.74,18,1.45,0.0141,0.0114,0.0018,0.0009
5455,144,61.5,4.6,2.34,26.44,60,208.637,268.637,7.9,14,1.44,0.0137,0.0111,0.0017,0.0009
5455.2,144.2,61.6,5.2,2.34,75.09,58,220.363,278.363,8.73,18,1.45,0.014,0.0112,0.0019,0.0009
5455.4,144.4,61.7,5.3,2.34,72.29,60,220.363,280.363,8.78,18,1.45,0.0141,0.0113,0.0019,0.0009
5455.6,144.6,61.8,4.1,2.34,70.92,60,220.506,280.506,8.58,18,1.45,0.0142,0.0114,0.0019,0.0009
5455.8,144.8,61.9,6.1,2.34,75.87,60,220.363,280.363,8.68,18,1.45,0.0146,0.0117,0.002,0.0009
5456,145,62,5,2.34,71.73,60,220.506,280.506,8.79,18,1.45,0.0163,0.013,0.0021,0.0012
5456.2,145.2,62,3.3,2.34,30.74,56,207.207,263.207,7.59,17,1.45,0,0,0,0
5456.4,145.4,62.1,4.2,2.34,74.5,60,220.363,280.363,8.86,18,1.45,0,0,0,0
5456.6,145.6,62.2,4.5,2.34,69.83,60,220.506,280.506,8.8,18,1.45,0,0,0,0
5456.8,145.8,62.2,3.7,2.34,71.72,60,220.506,280.506,8.83,18,1.45,0,0,0,0
5457,146,62.3,4,2.34,72.96,60,220.363,280.363,8.75,18,1.45,0,0,0,0
5457.2,146.2,62.4,4.9,2.34,76.54,60,220.506,280.506,8.67,18,1.45,0,0,0,0
5457.4,146.4,62.5,4.2,2.34,77.46,60,220.506,280.506,8.72,18,1.45,0,0,0,0
5457.6,146.6,62.5,4.8,2.34,78.72,60,220.506,280.506,8.6,18,1.45,0,0,0,0
5457.8,146.8,62.7,7.4,2.34,79.42,60,220.506,280.506,8.56,18,1.45,0,0,0,0
5458,147,62.7,5.2,2.34,75.4,60,220.506,280.506,8.64,18,1.45,0,0,0,0
5458.2,147.2,62.8,4.5,2.34,80.01,60,220.506,280.506,8.68,18,1.45,0.0136,0.011,0.0018,0.0008
5458.4,147.4,62.9,4.7,2.34,84.67,60,220.363,280.363,8.6,18,1.45,0.0136,0.0109,0.0018,0.0009
5458.6,147.6,63,6.8,2.34,82.29,60,220.506,280.506,8.75,18,1.45,0.0141,0.0113,0.0019,0.0009
5458.8,147.8,63.1,4.8,2.34,79.93,60,220.506,280.506,8.71,18,1.45,0.0141,0.0113,0.0019,0.0009
5459,148,63.2,4.4,2.34,83.2,60,220.363,280.363,8.66,18,1.45,0.0139,0.0113,0.0019,0.0007
5459.2,148.2,63.3,5.8,2.34,86.75,60,220.363,280.363,8.75,18,1.45,0.014,0.0113,0.0019,0.0008
5459.4,148.4,63.3,5.6,2.34,87.25,60,220.363,280.363,8.75,18,1.45,0.0137,0.0111,0.0018,0.0008
5459.6,148.6,63.5,8.4,2.34,85.95,60,220.363,280.363,8.57,17,1.45,0.0137,0.011,0.0018,0.0009
5459.8,148.8,63.6,5.9,2.34,81.43,60,220.506,280.506,8.28,17,1.45,0.0129,0.0105,0.0017,0.0007
5460,149,63.7,8.3,2.34,82.88,60,220.506,280.506,8.35,17,1.45,0.0136,0.011,0.0018,0.0008
5460.2,149.2,63.8,6.4,2.34,83.26,60,220.363,280.363,8.4,17,1.45,0.0138,0.0112,0.0018,0.0008
5460.4,149.4,63.9,4.6,2.34,60.42,60,220.506,280.506,7.91,17,1.45,0.0137,0.011,0.0018,0.0009
5460.6,149.6,64,4.5,2.34,86.47,60,220.506,280.506,8.95,18,1.45,0.0145,0.0116,0.002,0.0009
5460.8,149.8,64.1,4.4,2.34,85.35,60,220.363,280.363,8.79,18,1.45,0.0144,0.0115,0.002,0.0009
5461,150,64.1,3.8,2.34,83.4,60,220.363,280.363,8.97,18,1.45,0.0145,0.0116,0.002,0.0009
5461.2,150.2,64.2,3,2.34,85.96,60,220.363,280.363,8.99,18,1.45,0.0196,0.0153,0.003,0.0013
5461.4,150.4,64.2,3.3,2.34,87.48,60,220.506,280.506,8.92,18,1.45,0.0214,0.0167,0.0033,0.0014
5461.6,150.6,64.3,6.7,2.34,88.89,60,220.363,280.363,8.77,18,1.45,0.0163,0.013,0.0023,0.001
5461.8,150.8,64.4,4.1,2.34,87.65,60,220.506,280.506,8.85,18,1.45,0.0138,0.0111,0.0019,0.0008
5462,151,64.5,6.2,2.34,87.82,60,220.506,280.506,8.7,18,1.45,0.0139,0.0111,0.002,0.0008
5462.2,151.2,64.6,4.3,2.34,85.16,60,220.506,280.506,8.78,18,1.45,0.015,0.0119,0.0021,0.001
5462.4,151.4,64.6,4.1,2.34,85.3,63,220.363,283.363,8.88,18,1.45,0.015,0.0121,0.0021,0.0008
5462.6,151.6,64.7,6,2.34,85.59,65,220.506,285.506,8.78,18,1.45,0.0138,0.0111,0.0019,0.0008
5462.8,151.8,64.8,5.5,2.34,83.75,65,220.363,285.363,8.87,18,1.45,0.0144,0.0115,0.002,0.0009
5463,152,64.9,6.1,2.34,82.27,65,221.65,286.65,8.51,17,1.45,0.0143,0.0115,0.0019,0.0009
5463.2,152.2,65.1,6.7,2.34,83.34,65,224.653,289.653,8.66,18,1.45,0.0146,0.0117,0.002,0.0009
5463.4,152.4,65.1,3.8,2.34,80.86,65,224.653,289.653,8.82,18,1.45,0.0145,0.0116,0.002,0.0009
5463.6,152.6,65.2,5.2,2.34,83.81,65,224.653,289.653,8.76,18,1.45,0.0148,0.0117,0.0021,0.001
5463.8,152.8,65.3,6.5,2.34,85.87,65,224.653,289.653,8.65,18,1.45,0.0147,0.0117,0.002,0.001
5464,153,65.5,8.7,2.34,32.15,38,171.743,209.743,4.86,13,1.44,0.0144,0.0115,0.002,0.0009
5464.2,153.2,65.5,2.5,2.34,53.51,60,224.796,284.796,8.27,17,1.45,0.0129,0.0105,0.0016,0.0008
5464.4,153.4,65.6,6.9,2.34,61.96,59,224.796,283.796,8.52,17,1.45,0.0138,0.0111,0.0018,0.0009
5464.6,153.6,65.7,7.3,2.34,57.19,60,224.653,284.653,8.36,17,1.45,0.0141,0.0113,0.0019,0.0009
5464.8,153.8,65.8,4.9,2.34,65.23,64,224.653,288.653,8.61,17,1.45,0.0145,0.0116,0.002,0.0009
5465,154,65.9,8.2,2.34,65.09,65,224.653,289.653,8.7,18,1.45,0.015,0.0119,0.0021,0.001
5465.2,154.2,66,5.9,2.33,62.66,65,224.796,289.796,8.66,18,1.45,0.0237,0.0181,0.0038,0.0018
5465.4,154.4,66.2,6.7,2.33,62.12,65,224.653,289.653,8.85,18,1.45,0.0245,0.0186,0.004,0.0019
5465.6,154.6,66.3,10.3,2.33,53.88,65,224.796,289.796,8.54,17,1.45,0.0176,0.0138,0.0026,0.0012
5465.8,154.8,66.4,6.3,2.33,52.76,65,224.653,289.653,8.73,17,1.45,0.0157,0.0125,0.0022,0.001
5466,155,66.5,5.5,2.33,50.38,65,224.653,289.653,8.72,17,1.45,0.0161,0.0127,0.0024,0.001
5466.2,155.2,66.6,7.2,2.33,62.03,65,224.653,289.653,8.64,17,1.45,0,0,0,0
5466.4,155.4,66.7,4.7,2.33,66.97,65,224.653,289.653,8.72,17,1.45,0,0,0,0
5466.6,155.6,66.9,7.9,2.33,65.07,65,224.653,289.653,8.9,18,1.45,0,0,0,0
5466.8,155.8,67,5.8,2.33,66.86,65,224.653,289.653,8.94,18,1.45,0,0,0,0
5467,156,67.1,5.9,2.33,57.81,65,224.653,289.653,9,18,1.45,0,0,0,0
5467.2,156.2,67.1,4.1,2.33,64.27,65,224.653,289.653,9.07,18,1.45,0,0,0,0
5467.4,156.4,67.2,7.1,2.33,65.25,65,224.653,289.653,8.93,18,1.45,0,0,0,0
5467.6,156.6,67.3,3.3,2.33,62.08,65,224.653,289.653,8.93,18,1.45,0,0,0,0
5467.8,156.8,67.4,6.1,2.33,64.04,65,224.653,289.653,8.98,17,1.45,0,0,0,0
5468,157,67.5,4.4,2.33,63.54,65,224.653,289.653,9.09,18,1.45,0,0,0,0
5468.2,157.2,67.5,4.2,2.33,65.01,65,224.653,289.653,9.02,18,1.45,0,0,0,0
5468.4,157.4,67.6,6.1,2.33,66.12,65,224.653,289.653,8.94,17,1.45,0,0,0,0
5468.6,157.6,67.7,5.9,2.33,58.88,65,224.653,289.653,8.85,17,1.45,0,0,0,0
5468.8,157.8,67.8,4.6,2.33,65.13,65,224.653,289.653,9,17,1.45,0,0,0,0
5469,158,67.9,5.7,2.33,67.15,65,224.653,289.653,8.97,17,1.45,0,0,0,0
5469.2,158.2,68,5.4,2.33,70.22,65,224.796,289.796,9,17,1.45,0,0,0,0
5469.4,158.4,68.1,4.6,2.33,70.05,65,224.653,289.653,8.86,17,1.45,0,0,0,0
5469.6,158.6,68.2,6.3,2.33,73.91,65,224.653,289.653,8.96,17,1.45,0,0,0,0
5469.8,158.8,68.3,5.7,2.33,67.96,65,224.653,289.653,9.17,18,1.45,0,0,0,0
5470,159,68.3,3.4,2.33,70.27,65,224.653,289.653,9.12,18,1.45,0.0163,0.0128,0.0025,0.001
5470.2,159.2,68.4,4.4,2.33,70.37,65,224.653,289.653,9.04,17,1.45,0.0166,0.0129,0.0026,0.0011
5470.4,159.4,68.5,4.3,2.33,71.97,65,224.653,289.653,9.1,18,1.45,0.017,0.0133,0.0026,0.0011
5470.6,159.6,68.5,3.3,2.33,72.78,65,224.653,289.653,9.07,18,1.45,0.0168,0.0132,0.0026,0.001
5470.8,159.8,68.6,4.5,2.33,69.24,65,224.653,289.653,9.17,18,1.45,0.0168,0.0132,0.0026,0.001
5471,160,68.7,2.8,2.33,72.77,64,224.653,288.653,9.2,18,1.45,0.0165,0.013,0.0025,0.001
5471.2,160.2,68.7,5.1,2.33,74.93,65,224.653,289.653,8.75,17,1.45,0.0165,0.013,0.0025,0.001
5471.4,160.4,68.9,7,2.33,75.73,65,224.653,289.653,8.79,17,1.45,0.0157,0.0123,0.0024,0.001
5471.6,160.6,69,7.5,2.33,48.36,65,224.653,289.653,8.33,17,1.45,0.016,0.0127,0.0023,0.001
5471.8,160.8,69.1,4.6,2.33,71.13,65,224.653,289.653,8.99,17,1.45,0.0152,0.0122,0.002,0.001
5472,161.02,69.2,7.3,2.33,65.98,65,224.653,289.653,8.77,17,1.45,0.0166,0.0131,0.0024,0.0011
5472.2,161.2,69.3,4.6,2.33,62.07,65,224.653,289.653,8.84,17,1.45,0.0166,0.0131,0.0024,0.0011
5472.4,161.4,69.3,2.2,2.33,67.65,65,224.653,289.653,9.06,18,1.45,0.0168,0.0132,0.0025,0.0011
5472.6,161.6,69.4,5.3,2.33,72.4,65,224.653,289.653,8.88,17,1.45,0.0176,0.0138,0.0027,0.0011
5472.8,161.8,69.5,6.6,2.33,75.1,65,224.653,289.653,9.02,17,1.45,0.0178,0.0139,0.0027,0.0012
5473,162,69.6,5,2.33,70,65,224.653,289.653,9,17,1.45,0.0177,0.0138,0.0027,0.0012
5473.2,162.2,69.6,3.8,2.33,67.5,65,224.51,289.51,9.13,18,1.45,0.0181,0.0141,0.0028,0.0012
5473.4,162.4,69.7,3.8,2.33,70.43,65,224.653,289.653,9.13,18,1.45,0.0184,0.0143,0.0029,0.0012
5473.6,162.6,69.8,5.2,2.33,67.28,65,224.653,289.653,8.84,17,1.45,0.0183,0.0142,0.0029,0.0012
5473.8,162.8,69.9,5.7,2.33,69.54,65,224.653,289.653,8.85,17,1.45,0.0176,0.0137,0.0027,0.0012
5474,163,70,6.6,2.33,69.77,65,224.653,289.653,8.68,17,1.45,0.0165,0.013,0.0024,0.0011
5474.2,163.2,70.1,6.3,2.33,70.14,65,224.653,289.653,8.82,17,1.45,0.016,0.0127,0.0023,0.001
5474.4,163.4,70.2,6.3,2.33,69.51,65,224.653,289.653,8.92,17,1.45,0.0164,0.0129,0.0024,0.0011
5474.6,163.6,70.3,7,2.33,61.08,65,224.653,289.653,8.88,17,1.45,0.0169,0.0133,0.0025,0.0011
5474.8,163.8,70.4,3.3,2.33,57.04,65,224.653,289.653,9.01,17,1.45,0.0173,0.0135,0.0027,0.0011
5475,164,70.5,4.6,2.33,67.46,65,224.653,289.653,8.96,17,1.45,0.0173,0.0135,0.0027,0.0011
5475.2,164.2,70.5,4.7,2.33,62.85,65,224.653,289.653,9.13,17,1.45,0.0174,0.0135,0.0028,0.0011
5475.4,164.4,70.6,3.9,2.33,69.08,65,224.653,289.653,9.19,17,1.45,0.018,0.014,0.0029,0.0011
5475.6,164.6,70.7,4.3,2.33,69.04,65,224.653,289.653,8.99,17,1.45,0.0179,0.0139,0.0029,0.0011
5475.8,164.8,70.9,10.8,2.33,31.39,65,224.653,289.653,8.33,16,1.45,0.0172,0.0135,0.0027,0.001
5476,165,71,7.8,2.32,50.09,65,224.653,289.653,8.6,17,1.45,0.0155,0.0123,0.0023,0.0009
5476.2,165.2,71.1,9.7,2.32,50.62,65,224.653,289.653,8.43,17,1.45,0.015,0.012,0.0021,0.0009
5476.4,165.4,71.3,8.1,2.32,46.99,65,224.653,289.653,8.5,17,1.45,0.0149,0.0119,0.0021,0.0009
5476.6,165.6,71.4,6.5,2.32,27.21,65,224.653,289.653,7.93,17,1.45,0.0141,0.0113,0.0019,0.0009
5476.8,165.8,71.5,4,2.32,52.41,65,224.653,289.653,8.56,17,1.45,0.0148,0.0118,0.0021,0.0009
5477,166,71.5,4.5,2.32,62.79,65,224.653,289.653,8.8,18,1.45,0.0161,0.0128,0.0024,0.0009
5477.2,166.2,71.6,6.4,2.32,62.57,65,224.51,289.51,8.51,18,1.45,0.0161,0.0128,0.0024,0.0009
5477.4,166.4,71.8,8.1,2.32,72.8,65,224.653,289.653,8.67,18,1.45,0.0156,0.0124,0.0023,0.0009
5477.6,166.6,71.9,4.6,2.32,65.45,65,224.51,289.51,8.82,18,1.45,0.0164,0.0128,0.0026,0.001
5477.8,166.8,72,6.7,2.32,67.08,65,224.653,289.653,8.87,18,1.45,0.0168,0.0131,0.0027,0.001
5478,167,72,2.4,2.32,61.97,60,224.51,284.51,8.59,18,1.45,0.0166,0.0129,0.0027,0.001
5478.2,167.2,72.1,7.5,2.32,69.09,60,224.51,284.51,8.63,18,1.45,0.0161,0.0126,0.0025,0.001
5478.4,167.4,72.2,6.7,2.32,68.29,60,224.51,284.51,8.6,18,1.45,0.0158,0.0125,0.0024,0.0009
5478.6,167.6,72.4,7.2,2.32,69.74,60,224.51,284.51,8.35,17,1.45,0.0156,0.0123,0.0023,0.001
5478.8,167.8,72.5,8.5,2.31,71.43,60,224.51,284.51,8.35,17,1.45,0.0156,0.0123,0.0023,0.001
5479,168,72.6,5.4,2.31,74.08,60,224.51,284.51,8.67,17,1.45,0.0155,0.0122,0.0023,0.001
5479.2,168.2,72.7,6.2,2.31,76.28,60,224.653,284.653,8.61,17,1.45,0.0159,0.0126,0.0024,0.0009
5479.4,168.4,72.8,5.9,2.31,75.71,60,224.51,284.51,8.73,17,1.45,0.0168,0.0132,0.0026,0.001
5479.6,168.6,72.9,5.6,2.31,76.94,60,224.653,284.653,8.7,17,1.45,0.0161,0.0127,0.0025,0.0009
5479.8,168.8,73,5.7,2.31,70.56,60,224.653,284.653,8.62,17,1.45,0.0163,0.0129,0.0025,0.0009
5480,169,73.1,4.6,2.31,76.46,60,224.653,284.653,8.84,17,1.45,0.0164,0.0128,0.0026,0.001
5480.2,169.2,73.2,5.7,2.31,77.75,60,224.653,284.653,8.96,18,1.45,0.017,0.0132,0.0028,0.001
5480.4,169.4,73.3,6.6,2.31,72.24,60,224.653,284.653,8.74,17,1.45,0.0166,0.013,0.0026,0.001
5480.6,169.6,73.3,5.2,2.31,77.59,60,224.653,284.653,8.41,17,1.45,0.0157,0.0124,0.0023,0.001
5480.8,169.8,73.5,8.3,2.31,77.08,60,224.51,284.51,8.68,17,1.45,0.017,0.0132,0.0027,0.0011
5481,170,73.6,8.8,2.31,74.98,60,224.51,284.51,8.55,17,1.45,0.0169,0.0132,0.0026,0.0011
