Depth,Interval,Drilling_hour,Drilling_time,ROP,WOB,RPM_Total,TQ_Table,Si,Shale,Dolomite,Limestone
m,m,h,min,m/h,KN,rpm,KN.m,%,%,%,%
5311.2,0.2,0.1,6.2,1.96,9.93,45.323,0.63,51.18901969,18.35180089,3.693264843,24.5293876
5311.4,0.41,0.2,5.6,1.99,14.77,273.065,6.02,51.18901969,18.35180089,3.693264843,24.5293876
5311.6,0.6,0.3,5.8,1.99,12.46,273.065,5.98,51.18901969,18.35180089,3.693264843,24.5293876
5311.8,0.8,0.4,4.5,2.12,9.9,273.065,6.02,51.18901969,18.35180089,3.693264843,24.5293876
5312,1,0.4,4,2.26,13.81,270.065,6.08,53.24393211,17.73741358,4.039583596,22.8118297
5312.2,1.2,0.5,5,2.28,19.59,268.065,6.19,53.24393211,17.73741358,4.039583596,22.8118297
5312.4,1.4,0.6,5.2,2.29,19.63,268.065,6.19,53.24393211,17.73741358,4.039583596,22.8118297
5312.6,1.6,0.7,4.3,2.34,18.77,268.065,6.27,53.24393211,17.73741358,4.039583596,22.8118297
5312.8,1.8,0.8,4.6,2.37,19.96,268.065,6.35,53.24393211,17.73741358,4.039583596,22.8118297
5313,2,0.8,4.3,2.41,19.1,268.065,6.36,62.86031309,30.84837209,0.276234214,6.015080606
5313.2,2.2,0.9,3.6,2.47,20.72,268.208,6.4,62.86031309,30.84837209,0.276234214,6.015080606
5313.4,2.4,1,4,2.51,21.74,268.065,6.63,62.86031309,30.84837209,0.276234214,6.015080606
5313.6,2.6,1,4.1,2.53,19.29,268.065,6.46,62.86031309,30.84837209,0.276234214,6.015080606
5313.8,2.8,1.1,3.8,2.57,20.7,268.065,6.44,62.86031309,30.84837209,0.276234214,6.015080606
5314,3,1.1,3,2.63,19.26,268.208,6.48,67.29792241,26.89711671,0.199534287,5.605426594
5314.2,3.2,1.2,4,2.65,21.79,267.065,6.65,67.29792241,26.89711671,0.199534287,5.605426594
5314.4,3.4,1.3,3.8,2.68,19.37,268.065,6.53,67.29792241,26.89711671,0.199534287,5.605426594
5314.6,3.6,1.3,4.8,2.67,18.37,268.065,6.33,67.29792241,26.89711671,0.199534287,5.605426594
5314.8,3.8,1.4,4.4,2.67,17.85,268.065,6.26,67.29792241,26.89711671,0.199534287,5.605426594
5315,4,1.5,3.6,2.7,20.72,268.065,6.52,66.87286148,24.30324084,0.186007292,8.637890389
5315.2,4.2,1.5,3.2,2.73,19.16,265.065,6.33,66.87286148,24.30324084,0.186007292,8.637890389
5315.4,4.4,1.6,4.2,2.74,19.84,263.065,6.31,66.87286148,24.30324084,0.186007292,8.637890389
5315.6,4.6,1.7,3,2.78,18.27,263.065,6.33,66.87286148,24.30324084,0.186007292,8.637890389
5315.8,4.8,1.7,3.4,2.8,20.4,263.065,6.24,66.87286148,24.30324084,0.186007292,8.637890389
5316,5,1.8,5.3,2.78,20.13,263.065,6.14,68.27759421,24.18342583,0.193131691,7.345848277
5316.2,5.2,1.9,5.4,2.75,30.94,180.418,5.04,68.27759421,24.18342583,0.193131691,7.345848277
5316.4,5.4,2,4,2.76,21.15,267.065,6.06,68.27759421,24.18342583,0.193131691,7.345848277
5316.6,5.6,2,1.6,2.82,18.02,268.065,5.99,68.27759421,24.18342583,0.193131691,7.345848277
5316.8,5.8,2.1,4.6,2.82,31.16,267.065,6.46,68.27759421,24.18342583,0.193131691,7.345848277
5317,6,2.1,4,2.82,28.32,267.065,6.25,75.31775705,18.67023467,0.025281197,5.986727088
5317.2,6.2,2.2,3.1,2.85,30.35,267.065,6.25,75.31775705,18.67023467,0.025281197,5.986727088
5317.4,6.4,2.2,3.5,2.86,34.07,267.065,6.39,75.31775705,18.67023467,0.025281197,5.986727088
5317.6,6.6,2.3,4.1,2.86,32.23,267.065,6.29,75.31775705,18.67023467,0.025281197,5.986727088
5317.8,6.8,2.4,4.3,2.86,35.27,267.065,6.43,75.31775705,18.67023467,0.025281197,5.986727088
5318,7,2.5,4.7,2.85,29.88,267.065,6.25,72.39004652,21.78288014,0.008687188,5.818386154
5318.2,7.2,2.5,3.2,2.87,27.37,268.065,6.14,72.39004652,21.78288014,0.008687188,5.818386154
5318.4,7.4,2.6,4.7,2.86,33.78,268.065,6.21,72.39004652,21.78288014,0.008687188,5.818386154
5318.6,7.6,2.7,6.6,2.82,31.67,268.065,6.05,72.39004652,21.78288014,0.008687188,5.818386154
5318.8,7.8,2.7,2.9,2.84,33.56,268.065,6.07,72.39004652,21.78288014,0.008687188,5.818386154
5319,8,2.8,4.5,2.84,35.75,267.065,6.38,68.90759277,24.84643764,0.184008481,6.061961106
5319.2,8.2,2.9,4.6,2.83,30.75,267.065,6.26,68.90759277,24.84643764,0.184008481,6.061961106
5319.4,8.4,2.9,3.2,2.85,32.09,267.065,6.29,68.90759277,24.84643764,0.184008481,6.061961106
5319.6,8.6,3,4,2.85,33.52,268.065,6.3,68.90759277,24.84643764,0.184008481,6.061961106
5319.8,8.8,3.1,3.2,2.87,35.86,267.065,6.31,68.90759277,24.84643764,0.184008481,6.061961106
5320,9,3.2,5.1,2.86,36.41,267.065,6.36,65.52869612,25.43286572,0.09192924,8.946508916
5320.2,9.2,3.3,6.4,2.82,32.07,268.065,6.03,65.52869612,25.43286572,0.09192924,8.946508916
5320.4,9.4,3.4,7.5,2.78,14.37,186.58,3.52,65.52869612,25.43286572,0.09192924,8.946508916
5320.6,9.6,3.5,4.5,2.78,22.84,268.065,6.01,65.52869612,25.43286572,0.09192924,8.946508916
5320.8,9.8,3.5,4.6,2.77,30.56,267.065,6.26,65.52869612,25.43286572,0.09192924,8.946508916
5321,10,3.6,3.5,2.78,36.07,268.065,6.41,64.87695484,24.09410179,0.205652715,10.82329065
5321.2,10.2,3.7,4.8,2.78,35.63,268.065,6.71,64.87695484,24.09410179,0.205652715,10.82329065
5321.4,10.4,3.7,3.5,2.79,31.76,268.065,6.6,64.87695484,24.09410179,0.205652715,10.82329065
5321.6,10.6,3.8,3.8,2.79,36.34,268.065,6.56,64.87695484,24.09410179,0.205652715,10.82329065
5321.8,10.8,3.9,4.3,2.79,35.24,268.065,6.42,64.87695484,24.09410179,0.205652715,10.82329065
5322,11,3.9,4.1,2.8,35.48,268.065,6.51,66.45557341,26.64365137,0.193756819,6.707018395
5322.2,11.2,4,4.8,2.79,33.37,268.065,6.51,66.45557341,26.64365137,0.193756819,6.707018395
5322.4,11.4,4.1,4.3,2.79,35.95,267.922,6.67,66.45557341,26.64365137,0.193756819,6.707018395
5322.6,11.6,4.1,2.7,2.81,33.97,268.065,6.61,66.45557341,26.64365137,0.193756819,6.707018395
5322.8,11.8,4.2,5.5,2.8,36.09,268.065,6.48,66.45557341,26.64365137,0.193756819,6.707018395
5323,12,4.3,4.3,2.8,36.28,268.065,6.54,67.63789744,24.48891354,0.15043269,7.722756326
5323.2,12.2,4.4,4.8,2.79,36.41,268.065,6.57,67.63789744,24.48891354,0.15043269,7.722756326
5323.4,12.4,4.4,4,2.79,37.21,268.065,6.64,67.63789744,24.48891354,0.15043269,7.722756326
5323.6,12.6,4.5,4.5,2.79,35.88,268.065,6.57,67.63789744,24.48891354,0.15043269,7.722756326
5323.8,12.8,4.6,4.1,2.79,37.34,268.065,6.63,67.63789744,24.48891354,0.15043269,7.722756326
5324,13,4.6,2.9,2.81,34.05,268.065,6.51,68.35209058,23.13806892,0.058157318,8.451683181
5324.2,13.2,4.7,5.2,2.8,37.52,268.065,6.54,68.35209058,23.13806892,0.058157318,8.451683181
5324.4,13.4,4.8,4,2.8,36.86,268.065,6.54,68.35209058,23.13806892,0.058157318,8.451683181
5324.6,13.6,4.9,4.3,2.8,35.88,268.065,6.5,68.35209058,23.13806892,0.058157318,8.451683181
5324.8,13.8,4.9,4.7,2.8,37.98,268.065,6.57,68.35209058,23.13806892,0.058157318,8.451683181
5325,14,5,3.9,2.8,35.44,268.065,6.65,64.2449772,27.37357263,0.157891984,8.223558183
5325.2,14.2,5.1,3.4,2.81,36.05,268.065,6.59,64.2449772,27.37357263,0.157891984,8.223558183
5325.4,14.4,5.1,4.9,2.8,36.56,267.922,6.54,64.2449772,27.37357263,0.157891984,8.223558183
5325.6,14.6,5.2,6.7,2.78,22.36,268.065,5.71,64.2449772,27.37357263,0.157891984,8.223558183
5325.8,14.8,5.4,7.1,2.76,26.57,268.065,6.21,64.2449772,27.37357263,0.157891984,8.223558183
5326,15,5.5,7.5,2.73,27.19,268.065,6.01,63.71100033,29.65459152,0.173883261,6.460524895
5326.2,15.2,5.6,5.5,2.72,22.12,268.065,5.94,63.71100033,29.65459152,0.173883261,6.460524895
5326.4,15.4,5.6,3.6,2.73,27.18,268.065,6.16,63.71100033,29.65459152,0.173883261,6.460524895
5326.6,15.6,5.7,5.1,2.72,28.71,268.065,6.23,63.71100033,29.65459152,0.173883261,6.460524895
5326.8,15.8,5.8,6,2.71,30.27,268.065,6.14,63.71100033,29.65459152,0.173883261,6.460524895
5327,16,5.9,5.4,2.7,28.5,268.065,6.16,65.68403039,24.85788215,0.034148508,9.423938957
5327.2,16.2,6,5,2.7,30.08,268.065,6.24,65.68403039,24.85788215,0.034148508,9.423938957
5327.4,16.4,6.1,5.2,2.69,29.26,268.065,6.2,65.68403039,24.85788215,0.034148508,9.423938957
5327.6,16.6,6.2,6.5,2.68,28.84,268.065,6.09,65.68403039,24.85788215,0.034148508,9.423938957
5327.8,16.8,6.3,5.2,2.67,29.02,268.065,6.09,65.68403039,24.85788215,0.034148508,9.423938957
5328,17,6.4,5.9,2.66,29.4,268.065,6.25,65.11502557,23.87913926,0.142154524,10.86368065
5328.2,17.2,6.5,7.5,2.64,29.6,268.065,6.08,65.11502557,23.87913926,0.142154524,10.86368065
5328.4,17.4,6.6,5.8,2.64,29.42,268.065,6.07,65.11502557,23.87913926,0.142154524,10.86368065
5328.6,17.6,6.7,3.1,2.65,33.55,268.065,6.26,65.11502557,23.87913926,0.142154524,10.86368065
5328.8,17.8,6.7,5,2.64,36.14,268.065,6.35,65.11502557,23.87913926,0.142154524,10.86368065
5329,18,6.8,5.7,2.63,37.2,268.065,6.42,69.37834212,20.84268939,0.245798026,9.533170467
5329.2,18.2,6.9,4.7,2.63,37.19,268.065,6.38,69.37834212,20.84268939,0.245798026,9.533170467
5329.4,18.4,7,4.6,2.63,36.78,268.065,6.45,69.37834212,20.84268939,0.245798026,9.533170467
5329.6,18.6,7.1,4.9,2.63,37.23,268.065,6.44,69.37834212,20.84268939,0.245798026,9.533170467
5329.8,18.8,7.2,5.5,2.63,36.87,268.065,6.32,69.37834212,20.84268939,0.245798026,9.533170467
5330,19,7.2,4.5,2.63,36,268.065,6.33,68.44215506,20.69052131,0.201461949,10.66586168
5330.2,19.2,7.3,4,2.63,38.84,268.065,6.46,68.44215506,20.69052131,0.201461949,10.66586168
5330.4,19.4,7.4,6.7,2.62,28.06,268.065,5.82,68.44215506,20.69052131,0.201461949,10.66586168
5330.6,19.6,7.5,5.6,2.61,36.16,267.065,6.09,68.44215506,20.69052131,0.201461949,10.66586168
5330.8,19.8,7.6,2.8,2.62,40.96,268.065,6.43,68.44215506,20.69052131,0.201461949,10.66586168
5331,20,7.6,4.5,2.62,44.5,268.065,6.58,63.63823341,27.85565438,0.073639925,8.432472293
5331.2,20.2,7.7,5.5,2.62,48.34,267.922,6.53,63.63823341,27.85565438,0.073639925,8.432472293
5331.4,20.4,7.8,7.1,2.6,45.38,268.065,6.51,63.63823341,27.85565438,0.073639925,8.432472293
5331.6,20.6,7.9,6,2.6,34.49,268.065,6.23,63.63823341,27.85565438,0.073639925,8.432472293
5331.8,20.8,8,4,2.6,35.71,268.065,6.37,63.63823341,27.85565438,0.073639925,8.432472293
5332,21,8.1,3.8,2.6,39.83,268.065,6.45,65.21310275,24.87733594,0.202747502,9.706813812
5332.2,21.2,8.1,4.7,2.6,38.14,268.065,6.69,65.21310275,24.87733594,0.202747502,9.706813812
5332.4,21.4,8.2,2.9,2.61,35.48,268.065,6.61,65.21310275,24.87733594,0.202747502,9.706813812
5332.6,21.6,8.2,3.3,2.62,37.52,268.065,6.57,65.21310275,24.87733594,0.202747502,9.706813812
5332.8,21.8,8.3,4.4,2.62,40.57,268.065,6.51,65.21310275,24.87733594,0.202747502,9.706813812
5333,22,8.4,5.3,2.62,39.07,268.065,6.27,65.85239235,26.27280003,0.117977454,7.756830169
5333.2,22.2,8.5,3.7,2.62,41.41,268.065,6.37,65.85239235,26.27280003,0.117977454,7.756830169
5333.4,22.4,8.6,5.7,2.62,42.54,268.065,6.58,65.85239235,26.27280003,0.117977454,7.756830169
5333.6,22.6,8.6,4.2,2.62,41,268.065,6.53,65.85239235,26.27280003,0.117977454,7.756830169
5333.8,22.8,8.7,5,2.62,38.94,268.065,6.51,65.85239235,26.27280003,0.117977454,7.756830169
5334,23,8.8,3.1,2.62,36.73,267.922,6.57,69.62017982,23.13717475,0.206489756,7.036155678
5334.2,23.2,8.8,3.8,2.63,43.95,267.922,6.65,69.62017982,23.13717475,0.206489756,7.036155678
5334.4,23.4,8.9,4.6,2.63,41.88,267.922,6.56,69.62017982,23.13717475,0.206489756,7.036155678
5334.6,23.6,9,4.9,2.62,42.65,267.922,6.64,69.62017982,23.13717475,0.206489756,7.036155678
5334.8,23.8,9,3.3,2.63,42.22,268.065,6.61,69.62017982,23.13717475,0.206489756,7.036155678
5335,24,9.1,4.6,2.63,43.52,267.922,6.59,71.59121686,21.89989637,0.169205128,6.33968164
5335.2,24.2,9.2,5.3,2.63,52.81,267.922,6.56,71.59121686,21.89989637,0.169205128,6.33968164
5335.4,24.4,9.3,6.2,2.62,47.54,267.922,6.58,71.59121686,21.89989637,0.169205128,6.33968164
5335.6,24.6,9.4,2.5,2.63,38.83,268.065,6.64,71.59121686,21.89989637,0.169205128,6.33968164
5335.8,24.8,9.4,2.4,2.64,47.21,268.065,6.8,71.59121686,21.89989637,0.169205128,6.33968164
5336,25,9.5,4.9,2.64,47.61,267.922,6.81,65.10850877,28.26067032,0.126969722,6.503851188
5336.2,25.2,9.5,3.8,2.64,45.39,267.922,6.63,65.10850877,28.26067032,0.126969722,6.503851188
5336.4,25.4,9.6,4.3,2.64,46.24,267.922,6.54,65.10850877,28.26067032,0.126969722,6.503851188
5336.6,25.6,9.7,4.3,2.64,48.57,267.922,6.64,65.10850877,28.26067032,0.126969722,6.503851188
5336.8,25.82,9.8,3.6,2.65,47.93,267.922,6.46,65.10850877,28.26067032,0.126969722,6.503851188
5337,26,9.8,4.7,2.64,48.35,267.922,6.51,62.28073927,26.81948098,0.243756898,10.65602286
5337.2,26.2,9.9,5.9,2.64,48.34,267.922,6.43,62.28073927,26.81948098,0.243756898,10.65602286
5337.4,26.4,10,2.8,2.65,49.37,267.922,6.56,62.28073927,26.81948098,0.243756898,10.65602286
5337.6,26.6,10,4.5,2.65,51.44,267.922,6.63,62.28073927,26.81948098,0.243756898,10.65602286
5337.8,26.8,10.2,6.4,2.64,48.13,268.065,6.53,62.28073927,26.81948098,0.243756898,10.65602286
5338,27,10.2,4,2.64,45.93,267.922,6.63,65.91311986,28.08832835,0.099327146,5.899224643
5338.2,27.2,10.3,3.4,2.65,46.48,267.922,6.45,65.91311986,28.08832835,0.099327146,5.899224643
5338.4,27.41,10.3,3.2,2.65,50.59,267.922,6.56,65.91311986,28.08832835,0.099327146,5.899224643
5338.6,27.6,10.4,5.1,2.65,47.57,267.922,6.63,65.91311986,28.08832835,0.099327146,5.899224643
5338.8,27.8,10.5,4,2.65,46.1,267.922,6.68,65.91311986,28.08832835,0.099327146,5.899224643
5339,28,10.5,3.6,2.65,49.44,268.065,6.68,71.86010055,23.13258036,0.098648991,4.908670107
5339.2,28.2,10.6,4.1,2.66,52.54,268.065,6.61,71.86010055,23.13258036,0.098648991,4.908670107
5339.4,28.4,10.7,6.6,2.65,48.98,268.065,6.68,71.86010055,23.13258036,0.098648991,4.908670107
5339.6,28.6,10.8,4.1,2.65,43.64,267.922,6.53,71.86010055,23.13258036,0.098648991,4.908670107
5339.8,28.8,10.9,3.6,2.65,46,268.065,6.58,71.86010055,23.13258036,0.098648991,4.908670107
5340,29,11,9,2.64,11.36,177.575,3.22,69.12914499,26.16800595,0.22862838,4.47422068
5340.2,29.2,11.1,5.9,2.63,32.08,268.065,6.38,69.12914499,26.16800595,0.22862838,4.47422068
5340.4,29.4,11.2,6.3,2.62,31.47,268.065,6.21,69.12914499,26.16800595,0.22862838,4.47422068
5340.6,29.6,11.3,8.3,2.61,31.84,267.922,6.29,69.12914499,26.16800595,0.22862838,4.47422068
5340.8,29.8,11.4,3.1,2.62,40.09,267.922,6.42,69.12914499,26.16800595,0.22862838,4.47422068
5341,30,11.5,4.8,2.61,46.56,267.922,6.82,61.36498933,24.9315612,0.090808948,13.61264053
5341.2,30.2,11.5,4.2,2.62,45.65,267.922,6.82,61.36498933,24.9315612,0.090808948,13.61264053
5341.4,30.4,11.7,6.7,2.61,48.47,267.922,6.64,61.36498933,24.9315612,0.090808948,13.61264053
5341.6,30.6,11.7,3.6,2.61,44.86,267.922,6.76,61.36498933,24.9315612,0.090808948,13.61264053
5341.8,30.8,11.8,5.8,2.61,49.81,267.922,6.67,61.36498933,24.9315612,0.090808948,13.61264053
5342,31,11.9,5.7,2.6,47.88,267.922,6.63,61.04242872,30.11522003,0.151625061,8.69072619
5342.2,31.2,12,4.7,2.6,47.38,267.922,6.75,61.04242872,30.11522003,0.151625061,8.69072619
5342.4,31.4,12.1,6.4,2.6,49.14,267.922,6.86,61.04242872,30.11522003,0.151625061,8.69072619
5342.6,31.6,12.2,4.7,2.6,46.03,267.922,6.85,61.04242872,30.11522003,0.151625061,8.69072619
5342.8,31.8,12.2,4.5,2.6,47.55,267.922,6.84,61.04242872,30.11522003,0.151625061,8.69072619
5343,32,12.3,4.2,2.6,46.7,267.922,6.74,66.38655921,27.15564394,0.234744215,6.223052632
5343.2,32.2,12.4,4.3,2.6,46.35,267.922,6.62,66.38655921,27.15564394,0.234744215,6.223052632
5343.4,32.4,12.5,6.4,2.59,47.87,267.922,6.65,66.38655921,27.15564394,0.234744215,6.223052632
5343.6,32.6,12.6,5.9,2.59,47.98,267.922,6.6,66.38655921,27.15564394,0.234744215,6.223052632
5343.8,32.8,12.7,4.9,2.59,48.98,267.922,6.75,66.38655921,27.15564394,0.234744215,6.223052632
5344,33,12.8,5.6,2.59,48.96,267.922,6.67,69.15995063,26.99641836,0.174170345,3.669460672
5344.2,33.2,12.9,5.5,2.58,49.67,267.922,6.6,69.15995063,26.99641836,0.174170345,3.669460672
5344.4,33.4,13,5.6,2.58,50.11,267.922,6.76,69.15995063,26.99641836,0.174170345,3.669460672
5344.6,33.6,13,4.4,2.58,47.36,267.922,6.89,69.15995063,26.99641836,0.174170345,3.669460672
5344.8,33.8,13.1,4.3,2.58,46.36,267.922,6.94,69.15995063,26.99641836,0.174170345,3.669460672
5345,34,13.2,4.3,2.58,46.95,267.922,6.75,64.00491605,28.49378246,0.199600063,7.301701426
5345.2,34.2,13.3,5.9,2.58,49.36,268.065,6.65,64.00491605,28.49378246,0.199600063,7.301701426
5345.4,34.4,13.3,4,2.58,49.07,267.922,6.93,64.00491605,28.49378246,0.199600063,7.301701426
5345.6,34.6,13.4,4.8,2.58,46.32,267.922,6.83,64.00491605,28.49378246,0.199600063,7.301701426
5345.8,34.8,13.5,3.5,2.58,51.18,267.922,6.75,64.00491605,28.49378246,0.199600063,7.301701426
5346,35,13.6,6.8,2.58,51.79,267.922,6.67,70.99759055,23.93507956,0.194954538,4.872375352
5346.2,35.2,13.7,6,2.57,46.56,267.922,6.75,70.99759055,23.93507956,0.194954538,4.872375352
5346.4,35.4,13.7,3.8,2.58,43.69,267.922,6.58,70.99759055,23.93507956,0.194954538,4.872375352
5346.6,35.6,13.8,2.5,2.58,49.91,268.065,6.63,70.99759055,23.93507956,0.194954538,4.872375352
5346.8,35.8,13.9,7.8,2.57,54.12,267.922,6.91,70.99759055,23.93507956,0.194954538,4.872375352
5347,36,14,3.4,2.58,43.22,267.922,6.71,71.77497307,23.10073693,0.244678296,4.879611704
5347.2,36.2,14,2.5,2.58,52.6,266.922,6.97,71.77497307,23.10073693,0.244678296,4.879611704
5347.4,36.4,14.1,8.1,2.57,55.21,267.922,6.64,71.77497307,23.10073693,0.244678296,4.879611704
5347.6,36.6,14.3,6.1,2.57,53.51,265.922,6.9,71.77497307,23.10073693,0.244678296,4.879611704
5347.8,36.8,14.3,4.5,2.57,42.03,267.922,6.52,71.77497307,23.10073693,0.244678296,4.879611704
5348,37,14.4,4.9,2.57,42.47,267.922,6.61,75.25280456,15.46630163,0.201002525,9.079891282
5348.2,37.2,14.5,4.7,2.57,36.24,267.922,6.43,75.25280456,15.46630163,0.201002525,9.079891282
5348.4,37.4,14.5,2.3,2.57,46.87,267.922,6.51,75.25280456,15.46630163,0.201002525,9.079891282
5348.6,37.6,14.7,8,2.57,58.16,267.922,6.73,75.25280456,15.46630163,0.201002525,9.079891282
5348.8,37.8,14.7,5.1,2.56,51.33,267.922,6.52,75.25280456,15.46630163,0.201002525,9.079891282
5349,38,14.8,6,2.56,45.55,267.922,6.56,71.70154838,19.79171282,0.156583525,8.350155278
5349.2,38.2,14.9,4.3,2.56,49.21,267.922,6.5,71.70154838,19.79171282,0.156583525,8.350155278
5349.4,38.4,15,5.4,2.56,54.42,266.922,6.97,71.70154838,19.79171282,0.156583525,8.350155278
5349.6,38.6,15.1,5.5,2.56,43.16,266.922,6.75,71.70154838,19.79171282,0.156583525,8.350155278
5349.8,38.8,15.2,3.6,2.56,51.65,267.922,6.37,71.70154838,19.79171282,0.156583525,8.350155278
5350,39,15.3,6.1,2.56,59.57,267.922,6.83,74.69826345,20.17631624,0.225576939,4.899843368
5350.2,39.2,15.3,5.7,2.55,46.22,267.922,6.73,74.69826345,20.17631624,0.225576939,4.899843368
5350.4,39.4,15.4,3.5,2.56,47.73,267.922,6.83,74.69826345,20.17631624,0.225576939,4.899843368
5350.6,39.6,15.5,4.9,2.56,48.97,267.922,6.48,74.69826345,20.17631624,0.225576939,4.899843368
5350.8,39.8,15.6,4.9,2.56,57.3,267.922,6.56,74.69826345,20.17631624,0.225576939,4.899843368
5351,40,15.7,8.7,2.55,58.12,267.922,6.64,63.48707561,30.70731102,0.084224629,5.721388745
5351.2,40.2,15.8,7,2.54,50.82,267.922,6.54,63.48707561,30.70731102,0.084224629,5.721388745
5351.4,40.4,15.9,4.4,2.54,48.28,267.922,6.73,63.48707561,30.70731102,0.084224629,5.721388745
5351.6,40.6,16,4.2,2.54,50.38,267.922,6.54,63.48707561,30.70731102,0.084224629,5.721388745
5351.8,40.8,16.1,5.7,2.54,49.56,267.922,6.84,63.48707561,30.70731102,0.084224629,5.721388745
5352,41,16.1,4.7,2.54,50.02,267.922,6.65,61.48230923,28.80806982,0.032445605,9.677175339
5352.2,41.2,16.2,3.9,2.54,49.8,267.922,6.42,61.48230923,28.80806982,0.032445605,9.677175339
5352.4,41.4,16.3,5.7,2.54,51.36,267.922,6.42,61.48230923,28.80806982,0.032445605,9.677175339
5352.6,41.6,16.4,7.9,2.53,50.83,268.065,6.38,61.48230923,28.80806982,0.032445605,9.677175339
5352.8,41.8,16.5,5.5,2.53,50.59,267.922,6.4,61.48230923,28.80806982,0.032445605,9.677175339
5353,42,16.7,7.6,2.52,49.61,268.065,6.32,67.46664448,24.73664901,0.153190442,7.643516072
5353.2,42.2,16.8,6.3,2.52,49.29,268.065,6.27,67.46664448,24.73664901,0.153190442,7.643516072
5353.4,42.4,16.8,5,2.52,52.16,267.922,6.52,67.46664448,24.73664901,0.153190442,7.643516072
5353.6,42.6,16.9,5.7,2.51,51.58,267.922,6.48,67.46664448,24.73664901,0.153190442,7.643516072
5353.8,42.8,17,5.4,2.51,20.18,208.306,4.41,67.46664448,24.73664901,0.153190442,7.643516072
5354,43,17.1,5.1,2.51,49.58,267.922,6.53,65.48339653,25.7249789,0.201626349,8.589998216
5354.2,43.2,17.2,4.1,2.51,48.19,268.065,6.51,65.48339653,25.7249789,0.201626349,8.589998216
5354.4,43.4,17.3,5.3,2.51,51.82,267.922,6.47,65.48339653,25.7249789,0.201626349,8.589998216
5354.6,43.6,17.4,6.1,2.51,53.17,267.922,6.34,65.48339653,25.7249789,0.201626349,8.589998216
5354.8,43.8,17.5,7,2.5,52.09,267.922,6.44,65.48339653,25.7249789,0.201626349,8.589998216
5355,44,17.6,6.3,2.5,46.91,267.922,6.3,71.09663518,22.66312167,0.103620147,6.136623005
5355.2,44.2,17.7,4.8,2.5,49.95,268.065,6.21,71.09663518,22.66312167,0.103620147,6.136623005
5355.4,44.4,17.8,4.8,2.5,56.11,267.922,6.48,71.09663518,22.66312167,0.103620147,6.136623005
5355.6,44.6,17.8,5.6,2.5,58.83,267.922,6.52,71.09663518,22.66312167,0.103620147,6.136623005
5355.8,44.8,18,6.8,2.49,53.9,267.922,6.48,71.09663518,22.66312167,0.103620147,6.136623005
5356,45,18,5.2,2.49,49.12,267.922,6.53,73.15199206,20.9392757,0.053298864,5.855433379
5356.2,45.2,18.1,5.3,2.49,48.26,267.922,6.48,73.15199206,20.9392757,0.053298864,5.855433379
5356.4,45.4,18.2,3.2,2.5,51.46,267.922,6.69,73.15199206,20.9392757,0.053298864,5.855433379
5356.6,45.6,18.3,4,2.5,56.09,267.922,6.69,73.15199206,20.9392757,0.053298864,5.855433379
5356.8,45.8,18.3,5.6,2.5,57.43,267.922,6.39,73.15199206,20.9392757,0.053298864,5.855433379
5357,46,18.5,8.7,2.49,58.39,267.922,6.55,72.66876596,22.32442873,0.146156614,4.860648699
5357.2,46.2,18.6,4.2,2.49,52.78,267.922,6.59,72.66876596,22.32442873,0.146156614,4.860648699
5357.4,46.4,18.6,3.9,2.49,51.75,267.922,6.56,72.66876596,22.32442873,0.146156614,4.860648699
5357.6,46.6,18.7,3.3,2.49,55.65,268.065,6.55,72.66876596,22.32442873,0.146156614,4.860648699
5357.8,46.8,18.8,5.1,2.49,61.11,267.922,6.42,72.66876596,22.32442873,0.146156614,4.860648699
5358,47,18.9,5.9,2.49,62.11,267.922,6.56,70.7400143,24.42475959,0.095929443,4.73929667
5358.2,47.2,19,6.7,2.49,57.52,267.922,6.62,70.7400143,24.42475959,0.095929443,4.73929667
5358.4,47.4,19.1,5.4,2.49,55.16,267.922,6.42,70.7400143,24.42475959,0.095929443,4.73929667
5358.6,47.6,19.2,6.2,2.48,57.57,267.922,6.65,70.7400143,24.42475959,0.095929443,4.73929667
5358.8,47.8,19.3,7.8,2.48,16.96,234.898,5.36,70.7400143,24.42475959,0.095929443,4.73929667
5359,48,19.4,4.6,2.48,44.8,268.923,6.47,66.50089162,26.52819339,0.084922432,6.885992554
5359.2,48.2,19.5,8.6,2.47,50.55,268.923,6.42,66.50089162,26.52819339,0.084922432,6.885992554
5359.4,48.4,19.6,5.8,2.47,48.21,268.78,6.66,66.50089162,26.52819339,0.084922432,6.885992554
5359.6,48.6,19.7,5.2,2.47,49.38,268.923,6.64,66.50089162,26.52819339,0.084922432,6.885992554
5359.8,48.8,19.8,5.4,2.47,48.74,268.923,6.74,66.50089162,26.52819339,0.084922432,6.885992554
5360,49,19.9,6.6,2.46,49.5,268.78,6.49,66.75547058,21.83226118,0.023904534,11.38836371
5360.2,49.2,20,5.2,2.46,50.31,268.923,6.63,66.75547058,21.83226118,0.023904534,11.38836371
5360.4,49.4,20.1,7.8,2.46,49.7,268.78,6.43,66.75547058,21.83226118,0.023904534,11.38836371
5360.6,49.6,20.2,6.6,2.45,46.46,268.923,6.56,66.75547058,21.83226118,0.023904534,11.38836371
5360.8,49.8,20.3,4.6,2.45,46.85,268.923,6.69,66.75547058,21.83226118,0.023904534,11.38836371
5361,50,20.4,4.2,2.45,46.21,268.78,6.81,68.14063789,23.1385343,0.046347116,8.674480697
5361.2,50.2,20.5,4.7,2.45,45.37,268.78,6.64,68.14063789,23.1385343,0.046347116,8.674480697
5361.4,50.4,20.6,7.8,2.45,46.49,268.78,6.49,68.14063789,23.1385343,0.046347116,8.674480697
5361.6,50.6,20.7,5.1,2.45,44.01,268.78,6.55,68.14063789,23.1385343,0.046347116,8.674480697
5361.8,50.8,20.8,7.1,2.44,47.48,268.923,6.51,68.14063789,23.1385343,0.046347116,8.674480697
5362,51,20.9,4.2,2.45,44.47,268.78,6.59,68.98762737,23.82282015,0.199045249,6.990507234
5362.2,51.2,21,7,2.44,46.73,268.923,6.5,68.98762737,23.82282015,0.199045249,6.990507234
5362.4,51.4,21.1,5.2,2.44,46.2,268.78,6.6,68.98762737,23.82282015,0.199045249,6.990507234
5362.6,51.6,21.1,5.2,2.44,45.67,268.78,6.57,68.98762737,23.82282015,0.199045249,6.990507234
5362.8,51.8,21.3,8.1,2.43,46.39,268.78,6.39,68.98762737,23.82282015,0.199045249,6.990507234
5363,52,21.4,5.6,2.43,48.73,268.923,6.69,65.85847607,25.65354398,0.131303325,8.356676625
5363.2,52.2,21.5,7.2,2.43,45.21,268.923,6.52,65.85847607,25.65354398,0.131303325,8.356676625
5363.4,52.4,21.6,5.2,2.43,44.88,268.923,6.58,65.85847607,25.65354398,0.131303325,8.356676625
5363.6,52.6,21.7,5.1,2.43,48.62,268.78,6.58,65.85847607,25.65354398,0.131303325,8.356676625
5363.8,52.8,21.8,6.3,2.43,49.23,268.923,6.63,65.85847607,25.65354398,0.131303325,8.356676625
5364,53,21.9,5.7,2.42,46.91,267.78,6.79,71.99238488,23.68918926,0.063104736,4.255321124
5364.2,53.2,21.9,4.1,2.43,45.98,268.78,6.59,71.99238488,23.68918926,0.063104736,4.255321124
5364.4,53.4,22,5.1,2.43,47.81,268.78,6.69,71.99238488,23.68918926,0.063104736,4.255321124
5364.6,53.6,22.1,6.3,2.42,49.2,268.78,6.42,71.99238488,23.68918926,0.063104736,4.255321124
5364.8,53.8,22.2,5.6,2.42,44.74,268.78,6.73,71.99238488,23.68918926,0.063104736,4.255321124
5365,54,22.3,4.4,2.42,47.21,268.78,6.74,62.67324959,32.49442067,0.147302053,4.685027686
5365.2,54.2,22.3,2.4,2.43,6.27,27.736,0.68,62.67324959,32.49442067,0.147302053,4.685027686
5365.4,54.4,22.4,3.3,2.43,58.6,268.923,6.71,62.67324959,32.49442067,0.147302053,4.685027686
5365.6,54.6,22.5,5.3,2.43,61.3,268.923,6.57,62.67324959,32.49442067,0.147302053,4.685027686
5365.8,54.8,22.5,3.4,2.43,62.36,268.78,6.74,62.67324959,32.49442067,0.147302053,4.685027686
5366,55,22.6,4.7,2.43,53,268.78,8.43,64.79849047,27.37715614,0.16227484,7.662078547
5366.2,55.2,22.7,3.6,2.43,54.27,268.78,9,64.79849047,27.37715614,0.16227484,7.662078547
5366.4,55.4,22.7,3.9,2.44,56.14,268.923,8.99,64.79849047,27.37715614,0.16227484,7.662078547
5366.6,55.6,22.8,5.4,2.44,56.27,268.78,9.01,64.79849047,27.37715614,0.16227484,7.662078547
5366.8,55.8,22.9,4.5,2.44,56.48,268.78,9.07,64.79849047,27.37715614,0.16227484,7.662078547
5367,56,23,5.2,2.44,56.11,268.78,8.91,62.22052119,32.036627,0.073729195,5.669122617
5367.2,56.2,23,3.9,2.44,51.95,268.923,8.93,62.22052119,32.036627,0.073729195,5.669122617
5367.4,56.4,23.2,6.3,2.44,55.15,268.78,8.92,62.22052119,32.036627,0.073729195,5.669122617
5367.6,56.6,23.2,3.9,2.44,52.07,268.78,8.9,62.22052119,32.036627,0.073729195,5.669122617
5367.8,56.8,23.3,5.4,2.44,56.57,268.78,9.02,62.22052119,32.036627,0.073729195,5.669122617
5368,57,23.4,5.7,2.44,53.68,268.923,8.91,63.32119028,30.82290705,0.118302365,5.73760031
5368.2,57.2,23.5,5.9,2.43,52.18,268.78,8.92,63.32119028,30.82290705,0.118302365,5.73760031
5368.4,57.4,23.6,4.3,2.43,51.93,268.78,8.98,63.32119028,30.82290705,0.118302365,5.73760031
5368.6,57.6,23.7,5,2.43,50.01,268.78,8.9,63.32119028,30.82290705,0.118302365,5.73760031
5368.8,57.8,23.7,4.8,2.44,51.82,268.923,9.05,63.32119028,30.82290705,0.118302365,5.73760031
5369,58,23.8,5,2.43,50.83,268.78,8.83,69.6303208,26.09807779,0.178732126,4.092869285
5369.2,58.2,23.9,6.8,2.43,53.79,268.923,8.79,69.6303208,26.09807779,0.178732126,4.092869285
5369.4,58.4,24,4.9,2.43,52.9,268.78,8.94,69.6303208,26.09807779,0.178732126,4.092869285
5369.6,58.6,24.1,7.8,2.43,44.32,268.78,8.85,69.6303208,26.09807779,0.178732126,4.092869285
5369.8,58.8,24.2,1.8,2.43,44.07,267.923,9.1,69.6303208,26.09807779,0.178732126,4.092869285
5370,59,24.2,3.6,2.43,47.52,267.78,9.18,62.79394104,32.12778965,0.073195462,5.005073847
5370.2,59.2,24.3,3.4,2.44,46.66,267.78,9.19,62.79394104,32.12778965,0.073195462,5.005073847
5370.4,59.4,24.3,2.6,2.44,52.21,268.78,9.07,62.79394104,32.12778965,0.073195462,5.005073847
5370.6,59.6,24.4,6.3,2.44,36.38,246.195,7.49,62.79394104,32.12778965,0.073195462,5.005073847
5370.8,59.8,24.6,9.1,2.43,29.4,262.923,8.31,62.79394104,32.12778965,0.073195462,5.005073847
5371,60,24.6,2.8,2.44,34.41,262.78,8.62,70.96180567,22.04842087,0.225713719,6.764059739
5371.2,60.2,24.7,3.7,2.44,38.18,262.923,8.9,70.96180567,22.04842087,0.225713719,6.764059739
5371.4,60.4,24.8,4.6,2.44,40.49,262.923,8.9,70.96180567,22.04842087,0.225713719,6.764059739
5371.6,60.6,24.8,4.3,2.44,38.14,262.923,8.53,70.96180567,22.04842087,0.225713719,6.764059739
5371.8,60.8,24.9,4.3,2.44,40.03,262.78,8.85,70.96180567,22.04842087,0.225713719,6.764059739
5372,61,25,4.3,2.44,40.56,262.78,8.87,62.70940926,31.82864206,0.152547891,5.309400794
5372.2,61.2,25.1,5,2.44,40.62,262.923,8.59,62.70940926,31.82864206,0.152547891,5.309400794
5372.4,61.4,25.2,7.9,2.44,40.27,262.78,8.78,62.70940926,31.82864206,0.152547891,5.309400794
5372.6,61.6,25.3,4.2,2.44,31.13,262.78,8.45,62.70940926,31.82864206,0.152547891,5.309400794
5372.8,61.8,25.3,4.3,2.44,36.5,262.923,8.77,62.70940926,31.82864206,0.152547891,5.309400794
5373,62,25.4,5.4,2.44,35.59,262.923,8.52,67.98638491,26.25197438,0.252392075,5.509248632
5373.2,62.2,25.5,5.4,2.44,35.86,262.923,8.74,67.98638491,26.25197438,0.252392075,5.509248632
5373.4,62.4,25.6,3.5,2.44,32.22,262.78,8.72,67.98638491,26.25197438,0.252392075,5.509248632
5373.6,62.6,25.7,5.7,2.44,34.74,262.78,8.68,67.98638491,26.25197438,0.252392075,5.509248632
5373.8,62.8,25.7,3.6,2.44,36.85,262.923,8.5,67.98638491,26.25197438,0.252392075,5.509248632
5374,63,25.8,6.5,2.44,37.67,262.78,8.76,61.20021703,32.28449903,0.12695206,6.388331876
5374.2,63.2,25.9,4.9,2.44,37.63,262.78,8.76,61.20021703,32.28449903,0.12695206,6.388331876
5374.4,63.4,26,5.1,2.44,36.65,262.78,8.69,61.20021703,32.28449903,0.12695206,6.388331876
5374.6,63.6,26.1,5.7,2.44,37.22,262.78,8.49,61.20021703,32.28449903,0.12695206,6.388331876
5374.8,63.8,26.2,5.3,2.44,36.33,262.78,8.81,61.20021703,32.28449903,0.12695206,6.388331876
5375,64,26.3,6.2,2.43,37.79,262.78,8.65,64.03616489,28.7424738,0.069964745,7.151396572
5375.2,64.2,26.4,4.4,2.44,33.45,262.923,8.86,64.03616489,28.7424738,0.069964745,7.151396572
5375.4,64.4,26.4,4.4,2.44,34.12,262.78,8.9,64.03616489,28.7424738,0.069964745,7.151396572
5375.6,64.6,26.5,3.6,2.44,37.98,262.78,8.77,64.03616489,28.7424738,0.069964745,7.151396572
5375.8,64.8,26.6,5.4,2.44,40.62,262.78,8.61,64.03616489,28.7424738,0.069964745,7.151396572
5376,65,26.7,6,2.44,44.3,262.78,8.68,62.18740785,31.97633571,0.175401037,5.660855406
5376.2,65.2,26.8,7,2.43,44.34,262.923,8.66,62.18740785,31.97633571,0.175401037,5.660855406
5376.4,65.4,26.9,6.9,2.43,42,262.78,8.6,62.18740785,31.97633571,0.175401037,5.660855406
5376.6,65.6,27,4.6,2.43,41.93,262.78,8.63,62.18740785,31.97633571,0.175401037,5.660855406
5376.8,65.8,27.1,5,2.43,45.17,262.78,8.67,62.18740785,31.97633571,0.175401037,5.660855406
5377,66,27.2,6.9,2.43,42.25,262.78,8.85,66.02992394,27.03355875,0.055895378,6.880621925
5377.2,66.2,27.3,4.1,2.43,33.75,262.923,8.61,66.02992394,27.03355875,0.055895378,6.880621925
5377.4,66.4,27.4,5.9,2.43,40.32,262.78,8.59,66.02992394,27.03355875,0.055895378,6.880621925
5377.6,66.6,27.5,6.3,2.43,36.62,262.78,8.59,66.02992394,27.03355875,0.055895378,6.880621925
5377.8,66.8,27.6,5.9,2.42,33.82,262.78,8.68,66.02992394,27.03355875,0.055895378,6.880621925
5378,67,27.7,7.7,2.42,-0.69,189.298,4.99,64.18361498,30.772574,0.113531935,4.93027908
5378.2,67.2,27.7,5.2,2.43,-9.21,266.923,7.58,64.18361498,30.772574,0.113531935,4.93027908
5378.4,67.4,27.7,3.7,2.43,17.75,266.78,8.15,64.18361498,30.772574,0.113531935,4.93027908
5378.6,67.6,27.8,3.2,2.43,42.13,266.78,8.77,64.18361498,30.772574,0.113531935,4.93027908
5378.8,67.8,27.9,4,2.43,40.11,266.923,8.8,64.18361498,30.772574,0.113531935,4.93027908
5379,68,28,4.6,2.43,39.81,266.78,8.92,62.28814274,32.01242686,0.180199017,5.519231375
5379.2,68.2,28.1,4.8,2.43,41.84,266.78,9.05,62.28814274,32.01242686,0.180199017,5.519231375
5379.4,68.4,28.2,5.3,2.43,41.47,266.78,8.95,62.28814274,32.01242686,0.180199017,5.519231375
5379.6,68.6,28.3,5.5,2.43,41.08,266.78,8.83,62.28814274,32.01242686,0.180199017,5.519231375
5379.8,68.8,28.3,4.4,2.43,38.66,266.78,8.87,62.28814274,32.01242686,0.180199017,5.519231375
5380,69,28.5,7.6,2.42,41.74,266.78,8.86,68.86003641,25.43741874,0.233047419,5.469497431
5380.2,69.2,28.6,7.3,2.42,39.12,266.78,8.93,68.86003641,25.43741874,0.233047419,5.469497431
5380.4,69.4,28.7,3.9,2.42,39.73,266.78,8.93,68.86003641,25.43741874,0.233047419,5.469497431
5380.6,69.6,28.8,6.5,2.42,36.91,266.78,8.9,68.86003641,25.43741874,0.233047419,5.469497431
5380.8,69.8,28.8,4.9,2.42,41.44,266.78,9.01,68.86003641,25.43741874,0.233047419,5.469497431
5381,70,29,6.5,2.42,40.67,266.78,8.92,69.94099566,24.60845765,0.259148097,5.191398594
5381.2,70.2,29.1,6.3,2.42,41.3,266.78,8.97,69.94099566,24.60845765,0.259148097,5.191398594
5381.4,70.4,29.2,6.2,2.41,41.63,266.78,9.05,69.94099566,24.60845765,0.259148097,5.191398594
5381.6,70.6,29.3,6.8,2.41,42,266.78,9.1,69.94099566,24.60845765,0.259148097,5.191398594
5381.8,70.8,29.4,5.2,2.41,42.8,266.78,8.94,69.94099566,24.60845765,0.259148097,5.191398594
5382,71,29.5,6.6,2.41,45.51,266.78,9.06,71.3756908,23.02497574,0.272698109,5.326635352
5382.2,71.2,29.6,7.3,2.41,14.54,266.78,8.17,71.3756908,23.02497574,0.272698109,5.326635352
5382.4,71.4,29.7,3.9,2.41,39.03,266.78,9.1,71.3756908,23.02497574,0.272698109,5.326635352
5382.6,71.6,29.7,4.8,2.41,37.46,266.78,9.04,71.3756908,23.02497574,0.272698109,5.326635352
5382.8,71.8,29.8,5,2.41,40.83,266.78,9,71.3756908,23.02497574,0.272698109,5.326635352
5383,72,29.9,4.5,2.41,38.59,266.78,9.04,70.71173782,23.20343486,0.230408671,5.854418642
5383.2,72.2,30,6.1,2.41,42.05,266.78,9.04,70.71173782,23.20343486,0.230408671,5.854418642
5383.4,72.4,30.1,5.2,2.41,40.77,266.78,9.03,70.71173782,23.20343486,0.230408671,5.854418642
5383.6,72.6,30.2,5.6,2.41,40.64,266.78,9.03,70.71173782,23.20343486,0.230408671,5.854418642
5383.8,72.8,30.3,6,2.4,37.93,266.78,8.89,70.71173782,23.20343486,0.230408671,5.854418642
5384,73,30.4,5,2.4,39.68,266.78,9.1,63.94245242,30.7128532,0.226023362,5.118671019
5384.2,73.2,30.4,4.8,2.4,10.57,266.78,8.26,63.94245242,30.7128532,0.226023362,5.118671019
5384.4,73.4,30.5,4.5,2.41,34.97,268.923,8.77,63.94245242,30.7128532,0.226023362,5.118671019
5384.6,73.6,30.6,5.4,2.4,37.01,268.78,8.73,63.94245242,30.7128532,0.226023362,5.118671019
5384.8,73.8,30.7,5.8,2.4,38.9,268.78,8.96,63.94245242,30.7128532,0.226023362,5.118671019
5385,74,30.8,4.6,2.4,39.12,268.78,8.98,63.33546968,30.62845396,0.186827435,5.849248927
5385.2,74.2,30.9,6.1,2.4,40.96,268.78,8.82,63.33546968,30.62845396,0.186827435,5.849248927
5385.4,74.4,31,5.4,2.4,39.66,268.78,8.88,63.33546968,30.62845396,0.186827435,5.849248927
5385.6,74.6,31.1,5.3,2.4,42.3,268.78,9.01,63.33546968,30.62845396,0.186827435,5.849248927
5385.8,74.8,31.1,5,2.4,36.73,268.78,8.77,63.33546968,30.62845396,0.186827435,5.849248927
5386,75,31.3,7.9,2.4,45.77,268.78,8.81,64.1984121,29.24893891,0.035628165,6.517020827
5386.2,75.2,31.3,4.2,2.4,45.32,268.78,8.73,64.1984121,29.24893891,0.035628165,6.517020827
5386.4,75.4,31.5,8.6,2.39,48.64,268.78,8.7,64.1984121,29.24893891,0.035628165,6.517020827
5386.6,75.6,31.6,6.8,2.39,42.09,268.78,8.46,64.1984121,29.24893891,0.035628165,6.517020827
5386.8,75.8,31.7,4.7,2.39,46.7,268.78,8.58,64.1984121,29.24893891,0.035628165,6.517020827
5387,76,31.8,9.3,2.39,48.55,268.78,8.68,55.15194671,35.84108729,0.470360971,8.536605035
5387.2,76.2,31.9,5,2.39,42.84,268.78,8.68,55.15194671,35.84108729,0.470360971,8.536605035
5387.4,76.4,32,4,2.39,52.83,268.78,8.85,55.15194671,35.84108729,0.470360971,8.536605035
5387.6,76.6,32.1,6,2.39,53.22,268.78,8.84,55.15194671,35.84108729,0.470360971,8.536605035
5387.8,76.8,32.2,8,2.38,52.11,268.78,8.82,55.15194671,35.84108729,0.470360971,8.536605035
5388,77,32.3,6.2,2.38,45.7,268.78,8.64,55.8252309,35.9480701,0.377767183,7.848931822
5388.2,77.2,32.4,3.6,2.38,45.84,268.78,8.65,55.8252309,35.9480701,0.377767183,7.848931822
5388.4,77.4,32.5,8.1,2.38,48.26,268.78,8.61,55.8252309,35.9480701,0.377767183,7.848931822
5388.6,77.6,32.6,6.6,2.38,48.8,268.78,8.59,55.8252309,35.9480701,0.377767183,7.848931822
5388.8,77.8,32.7,5.5,2.38,56.41,268.78,8.67,55.8252309,35.9480701,0.377767183,7.848931822
5389,78,32.9,8.6,2.37,46.72,268.78,8.64,70.98753346,23.62918486,0.147061335,5.236220346
5389.2,78.2,32.9,1.9,2.38,51.94,268.78,8.77,70.98753346,23.62918486,0.147061335,5.236220346
5389.4,78.4,33.1,10.2,2.37,54.66,268.78,8.72,70.98753346,23.62918486,0.147061335,5.236220346
5389.6,78.6,33.2,7.6,2.37,51.23,268.78,8.73,70.98753346,23.62918486,0.147061335,5.236220346
5389.8,78.8,33.3,5.2,2.37,20.13,268.78,7.89,70.98753346,23.62918486,0.147061335,5.236220346
5390,79,33.3,4.1,2.37,44.46,268.78,8.73,71.11832555,23.29966783,0.109226794,5.472779831
5390.2,79.2,33.4,6.3,2.37,48.1,268.923,8.85,71.11832555,23.29966783,0.109226794,5.472779831
5390.4,79.4,33.5,3.7,2.37,40.72,268.78,9.04,71.11832555,23.29966783,0.109226794,5.472779831
5390.6,79.6,33.6,3.5,2.37,49.88,268.78,9.11,71.11832555,23.29966783,0.109226794,5.472779831
5390.8,79.8,33.6,5,2.37,47.6,268.78,8.88,71.11832555,23.29966783,0.109226794,5.472779831
5391,80,33.7,5.1,2.37,47.23,268.78,8.86,72.08604013,21.47598142,0.171610016,6.266368434
5391.2,80.2,33.8,4.6,2.37,49.89,268.78,8.96,72.08604013,21.47598142,0.171610016,6.266368434
5391.4,80.4,33.9,5.8,2.37,52.5,268.923,9.01,72.08604013,21.47598142,0.171610016,6.266368434
5391.6,80.6,34,5.9,2.37,48.18,268.78,8.95,72.08604013,21.47598142,0.171610016,6.266368434
5391.8,80.8,34.1,5.8,2.37,42.26,268.78,8.73,72.08604013,21.47598142,0.171610016,6.266368434
5392,81,34.2,3.1,2.37,47.65,268.923,8.91,75.39893076,19.99963726,0.05203846,4.549393517
5392.2,81.2,34.3,6,2.37,52.23,268.78,9.08,75.39893076,19.99963726,0.05203846,4.549393517
5392.4,81.4,34.3,1.7,2.37,57.12,268.78,9.03,75.39893076,19.99963726,0.05203846,4.549393517
5392.6,81.6,34.4,8.1,2.37,58.77,268.78,9.03,75.39893076,19.99963726,0.05203846,4.549393517
5392.8,81.8,34.5,5.7,2.37,52.58,268.78,9.09,75.39893076,19.99963726,0.05203846,4.549393517
5393,82,34.6,5,2.37,53.85,268.78,9.07,76.09655366,18.85710196,0.105358389,4.940985985
5393.2,82.2,34.7,6.7,2.37,54.05,268.78,8.69,76.09655366,18.85710196,0.105358389,4.940985985
5393.4,82.4,34.8,7.2,2.37,54.2,268.923,8.89,76.09655366,18.85710196,0.105358389,4.940985985
5393.6,82.6,35,8.3,2.36,53.58,268.78,8.77,76.09655366,18.85710196,0.105358389,4.940985985
5393.8,82.8,35.1,7.1,2.36,54.75,268.78,8.79,76.09655366,18.85710196,0.105358389,4.940985985
5394,83,35.2,7,2.36,53.55,268.78,8.77,68.50816859,25.52811324,0.108243045,5.85547513
5394.2,83.2,35.3,7.1,2.36,52.32,268.78,8.74,68.50816859,25.52811324,0.108243045,5.85547513
5394.4,83.4,35.4,6,2.36,54.63,268.78,8.95,68.50816859,25.52811324,0.108243045,5.85547513
5394.6,83.6,35.5,6.3,2.35,53.65,268.78,8.88,68.50816859,25.52811324,0.108243045,5.85547513
5394.8,83.8,35.6,5.5,2.35,50.22,268.78,8.9,68.50816859,25.52811324,0.108243045,5.85547513
5395,84,35.7,3.4,2.36,50.9,268.78,8.97,71.15500768,22.18652196,0.194983042,6.463487315
5395.2,84.2,35.8,5.4,2.35,59.37,268.78,9.05,71.15500768,22.18652196,0.194983042,6.463487315
5395.4,84.4,35.9,8.6,2.35,59.21,268.78,8.86,71.15500768,22.18652196,0.194983042,6.463487315
5395.6,84.6,36,4.9,2.35,56.54,268.78,8.83,71.15500768,22.18652196,0.194983042,6.463487315
5395.8,84.8,36.1,7,2.35,56.87,268.78,9.08,71.15500768,22.18652196,0.194983042,6.463487315
5396,85,36.2,4.9,2.35,50.99,268.78,9.03,64.29820589,29.60032923,0.158343906,5.943120974
5396.2,85.2,36.3,4.6,2.35,55.08,268.78,8.87,64.29820589,29.60032923,0.158343906,5.943120974
5396.4,85.4,36.4,8.5,2.35,56.72,268.78,8.9,64.29820589,29.60032923,0.158343906,5.943120974
5396.6,85.6,36.5,5.3,2.35,54.87,268.923,8.96,64.29820589,29.60032923,0.158343906,5.943120974
5396.8,85.8,36.6,4.6,2.35,55.04,268.78,9.1,64.29820589,29.60032923,0.158343906,5.943120974
5397,86,36.7,6.5,2.35,27.74,268.923,8.07,69.16940666,23.27532544,0.254478298,7.300789607
5397.2,86.2,36.7,3.2,2.35,52.7,268.78,9,69.16940666,23.27532544,0.254478298,7.300789607
5397.4,86.4,36.8,5.2,2.35,58.26,268.78,9.05,69.16940666,23.27532544,0.254478298,7.300789607
5397.6,86.6,36.9,6.1,2.35,56.3,268.78,8.95,69.16940666,23.27532544,0.254478298,7.300789607
5397.8,86.8,37,4.3,2.35,56.43,268.78,8.77,69.16940666,23.27532544,0.254478298,7.300789607
5398,87,37.1,5.3,2.35,58.19,268.78,9.07,73.36784942,20.42345029,0.05544239,6.153257903
5398.2,87.2,37.2,5.2,2.35,56.26,268.923,9.08,73.36784942,20.42345029,0.05544239,6.153257903
5398.4,87.4,37.2,4.5,2.35,55.88,268.78,9.01,73.36784942,20.42345029,0.05544239,6.153257903
5398.6,87.6,37.3,5.1,2.35,56.36,268.78,9.01,73.36784942,20.42345029,0.05544239,6.153257903
5398.8,87.8,37.4,5.2,2.35,58.66,268.78,8.86,73.36784942,20.42345029,0.05544239,6.153257903
5399,88,37.5,5.6,2.35,58.61,268.78,9.1,70.97234171,24.11327416,0.192485858,4.721898271
5399.2,88.2,37.6,5.9,2.35,57.1,268.78,9,70.97234171,24.11327416,0.192485858,4.721898271
5399.4,88.4,37.7,4.6,2.35,55.9,268.78,8.99,70.97234171,24.11327416,0.192485858,4.721898271
5399.6,88.6,37.7,4.4,2.35,53.64,266.78,9.21,70.97234171,24.11327416,0.192485858,4.721898271
5399.8,88.8,37.8,5.3,2.35,54.69,268.78,8.9,70.97234171,24.11327416,0.192485858,4.721898271
5400,89,37.9,4.8,2.35,55.83,268.78,9.09,64.6176215,29.85530221,0.072692086,5.4543842
5400.2,89.2,38,3.9,2.35,55.63,268.78,9.12,64.6176215,29.85530221,0.072692086,5.4543842
5400.4,89.4,38,3.2,2.35,55.48,268.78,9.08,64.6176215,29.85530221,0.072692086,5.4543842
5400.6,89.6,38.1,4.6,2.35,57.29,268.923,8.99,64.6176215,29.85530221,0.072692086,5.4543842
5400.8,89.8,38.2,6.6,2.35,58.33,268.78,8.9,64.6176215,29.85530221,0.072692086,5.4543842
5401,90,38.3,4.9,2.35,56.67,268.78,8.87,65.96770132,29.20089299,0.05046434,4.780941342
5401.2,90.2,38.4,6,2.35,59.55,268.78,8.77,65.96770132,29.20089299,0.05046434,4.780941342
5401.4,90.4,38.5,6,2.35,54.6,268.923,8.73,65.96770132,29.20089299,0.05046434,4.780941342
5401.6,90.6,38.6,5.8,2.35,56.89,268.78,8.77,65.96770132,29.20089299,0.05046434,4.780941342
5401.8,90.8,38.7,5.2,2.35,57.4,268.78,8.89,65.96770132,29.20089299,0.05046434,4.780941342
5402,91,38.8,4.6,2.35,56.28,268.78,8.86,74.39287449,21.20190827,0.180134607,4.225082639
5402.2,91.2,38.9,5.6,2.35,58.54,268.78,8.72,74.39287449,21.20190827,0.180134607,4.225082639
5402.4,91.4,39,8.4,2.34,59.65,268.78,8.64,74.39287449,21.20190827,0.180134607,4.225082639
5402.6,91.6,39.1,5.6,2.34,57.57,268.923,8.66,74.39287449,21.20190827,0.180134607,4.225082639
5402.8,91.8,39.2,5,2.34,57.63,268.78,8.94,74.39287449,21.20190827,0.180134607,4.225082639
5403,92,39.2,4.2,2.34,59.69,268.78,9.07,68.57238066,27.32010737,0.146810436,3.960701536
5403.2,92.2,39.3,4.3,2.35,58.86,268.923,9.01,68.57238066,27.32010737,0.146810436,3.960701536
5403.4,92.4,39.4,5,2.35,59.13,268.78,8.67,68.57238066,27.32010737,0.146810436,3.960701536
5403.6,92.6,39.5,7.5,2.34,59.79,268.78,8.81,68.57238066,27.32010737,0.146810436,3.960701536
5403.8,92.8,39.6,4.1,2.34,54,268.78,9.07,68.57238066,27.32010737,0.146810436,3.960701536
5404,93,39.6,3.6,2.35,58.12,268.923,9,63.96565963,31.538061,0.056365764,4.439913604
5404.2,93.2,39.7,4.5,2.35,59.31,268.78,8.85,63.96565963,31.538061,0.056365764,4.439913604
5404.4,93.4,39.8,3.7,2.35,58.58,268.78,9.1,63.96565963,31.538061,0.056365764,4.439913604
5404.6,93.6,39.8,3.5,2.35,58.17,267.78,9.12,63.96565963,31.538061,0.056365764,4.439913604
5404.8,93.8,40,6.4,2.35,61.36,268.78,8.82,63.96565963,31.538061,0.056365764,4.439913604
5405,94,40,5.5,2.35,57.37,268.78,9.06,65.12951444,30.58578562,0.041346715,4.243353227
5405.2,94.2,40.1,3.2,2.35,57.05,267.923,9.14,65.12951444,30.58578562,0.041346715,4.243353227
5405.4,94.4,40.2,3.7,2.35,56.33,268.78,9.03,65.12951444,30.58578562,0.041346715,4.243353227
5405.6,94.6,40.2,4.5,2.35,56.58,268.78,8.99,65.12951444,30.58578562,0.041346715,4.243353227
5405.8,94.8,40.3,4.7,2.35,58.91,268.78,8.69,65.12951444,30.58578562,0.041346715,4.243353227
5406,95,40.4,5.6,2.35,59.71,268.923,8.86,62.22917034,30.61062539,0.083610712,7.076593562
5406.2,95.2,40.5,5.1,2.35,58.96,268.78,8.96,62.22917034,30.61062539,0.083610712,7.076593562
5406.4,95.4,40.6,4,2.35,60.11,268.78,8.78,62.22917034,30.61062539,0.083610712,7.076593562
5406.6,95.6,40.6,5.7,2.35,64.36,268.78,9.08,62.22917034,30.61062539,0.083610712,7.076593562
5406.8,95.8,40.9,12.9,2.34,20.91,209.449,6.48,62.22917034,30.61062539,0.083610712,7.076593562
5407,96,41,6.9,2.34,43.38,268.78,8.9,61.8468386,31.5384036,0.17177565,6.442982146
5407.2,96.2,41.1,6,2.34,43.87,268.923,8.65,61.8468386,31.5384036,0.17177565,6.442982146
5407.4,96.4,41.2,7.4,2.34,42.8,268.923,8.79,61.8468386,31.5384036,0.17177565,6.442982146
5407.6,96.6,41.3,7,2.34,43.98,268.923,8.74,61.8468386,31.5384036,0.17177565,6.442982146
5407.8,96.8,41.4,5.3,2.34,39.88,268.78,9,61.8468386,31.5384036,0.17177565,6.442982146
5408,97,41.5,4.3,2.34,39.03,267.78,8.92,54.35550845,39.15123528,0.109696216,6.383560048
5408.2,97.2,41.5,3.6,2.34,43.34,268.923,9.02,54.35550845,39.15123528,0.109696216,6.383560048
5408.4,97.4,41.6,5.5,2.34,45.54,267.78,9.13,54.35550845,39.15123528,0.109696216,6.383560048
5408.6,97.6,41.7,4.3,2.34,44.29,268.78,8.84,54.35550845,39.15123528,0.109696216,6.383560048
5408.8,97.8,41.8,5.4,2.34,47.8,268.78,9.08,54.35550845,39.15123528,0.109696216,6.383560048
5409,98,41.9,4.3,2.34,47.57,267.78,9.16,70.01931097,25.17338277,0.169485955,4.637820301
5409.2,98.2,42,6.2,2.34,49.68,268.923,8.88,70.01931097,25.17338277,0.169485955,4.637820301
5409.4,98.4,42.1,5.7,2.34,47.76,268.78,8.87,70.01931097,25.17338277,0.169485955,4.637820301
5409.6,98.6,42.2,6.4,2.34,51.63,268.78,9.01,70.01931097,25.17338277,0.169485955,4.637820301
5409.8,98.8,42.2,4.3,2.34,50.84,268.923,8.98,70.01931097,25.17338277,0.169485955,4.637820301
5410,99,42.4,8.4,2.34,49.45,267.78,8.98,66.99791072,29.14801007,0.096084433,3.757994778
5410.2,99.2,42.4,3.5,2.34,41.14,268.78,8.75,66.99791072,29.14801007,0.096084433,3.757994778
5410.4,99.4,42.5,6.1,2.34,49.46,267.923,9.07,66.99791072,29.14801007,0.096084433,3.757994778
5410.6,99.6,42.7,7.1,2.33,39.77,268.78,8.92,66.99791072,29.14801007,0.096084433,3.757994778
5410.8,99.8,42.7,2.5,2.34,34.75,268.78,8.75,66.99791072,29.14801007,0.096084433,3.757994778
5411,100,42.7,2.8,2.34,51.26,267.78,9.08,69.13326703,27.10976241,0.086188486,3.670782083
5411.2,100.2,42.9,8.1,2.34,51.91,268.923,8.9,69.13326703,27.10976241,0.086188486,3.670782083
5411.4,100.4,43,6.9,2.34,46.43,268.78,8.77,69.13326703,27.10976241,0.086188486,3.670782083
5411.6,100.6,43.1,4,2.34,46.02,268.78,8.91,69.13326703,27.10976241,0.086188486,3.670782083
5411.8,100.8,43.2,7.4,2.33,46.27,268.923,8.87,69.13326703,27.10976241,0.086188486,3.670782083
5412,101,43.3,5.3,2.33,49.27,268.78,8.78,70.61463721,24.80110653,0.170641301,4.413614963
5412.2,101.2,43.4,7.3,2.33,48.36,268.78,8.68,70.61463721,24.80110653,0.170641301,4.413614963
5412.4,101.4,43.5,6.1,2.33,50.93,268.78,8.71,70.61463721,24.80110653,0.170641301,4.413614963
5412.6,101.6,43.6,7,2.33,51.85,268.78,8.86,70.61463721,24.80110653,0.170641301,4.413614963
5412.8,101.8,43.7,4.7,2.33,45.57,268.78,9.01,70.61463721,24.80110653,0.170641301,4.413614963
5413,102,43.8,4.7,2.33,48.58,268.78,8.82,64.28918046,31.58244204,0.122485463,4.005892038
5413.2,102.2,43.9,6.8,2.33,52.43,268.78,8.77,64.28918046,31.58244204,0.122485463,4.005892038
5413.4,102.4,44,5.7,2.33,13.14,268.78,8.2,64.28918046,31.58244204,0.122485463,4.005892038
5413.6,102.6,44.1,5.4,2.33,25.68,268.923,8.84,64.28918046,31.58244204,0.122485463,4.005892038
5413.8,102.8,44.2,5.9,2.33,33.05,268.78,8.83,64.28918046,31.58244204,0.122485463,4.005892038
5414,103,44.3,6.2,2.33,66.11,268.78,8.63,64.87749453,30.58810349,0.017829108,4.516572862
5414.2,103.2,44.4,6.2,2.33,63.15,268.923,8.74,64.87749453,30.58810349,0.017829108,4.516572862
5414.4,103.4,44.5,4.9,2.33,62.91,268.78,8.66,64.87749453,30.58810349,0.017829108,4.516572862
5414.6,103.6,44.6,6.6,2.32,62.28,268.78,8.47,64.87749453,30.58810349,0.017829108,4.516572862
5414.8,103.8,44.7,5.8,2.32,62,268.923,8.72,64.87749453,30.58810349,0.017829108,4.516572862
5415,104,44.8,6,2.32,62.28,268.78,8.6,64.92706517,29.18259476,0.228698766,5.6616413
5415.2,104.2,44.9,6.1,2.32,63.34,268.923,8.55,64.92706517,29.18259476,0.228698766,5.6616413
5415.4,104.4,45,7.3,2.32,62.18,268.78,8.65,64.92706517,29.18259476,0.228698766,5.6616413
5415.6,104.6,45.1,4.8,2.32,61.71,268.78,8.94,64.92706517,29.18259476,0.228698766,5.6616413
5415.8,104.8,45.1,4.3,2.32,60.82,268.923,8.87,64.92706517,29.18259476,0.228698766,5.6616413
5416,105,45.2,5.3,2.32,64.41,272.923,8.9,64.67442671,30.65942569,0.217686401,4.448461201
5416.2,105.2,45.3,4.8,2.32,61.13,273.78,9.1,64.67442671,30.65942569,0.217686401,4.448461201
5416.4,105.4,45.4,3.3,2.32,59.52,273.78,9.08,64.67442671,30.65942569,0.217686401,4.448461201
5416.6,105.6,45.4,4.8,2.32,63.67,273.78,9.18,64.67442671,30.65942569,0.217686401,4.448461201
5416.8,105.8,45.5,4.5,2.32,58.78,273.78,8.98,64.67442671,30.65942569,0.217686401,4.448461201
5417,106,45.6,4.4,2.33,60.26,273.923,9.07,67.66662803,27.48637089,0.014390775,4.832610301
5417.2,106.2,45.7,5.3,2.33,63.01,273.78,8.97,67.66662803,27.48637089,0.014390775,4.832610301
5417.4,106.4,45.8,4.7,2.33,60.66,273.923,8.96,67.66662803,27.48637089,0.014390775,4.832610301
5417.6,106.6,45.9,5.8,2.32,61.29,273.78,9.12,67.66662803,27.48637089,0.014390775,4.832610301
5417.8,106.8,45.9,3.7,2.33,55.81,273.78,9.06,67.66662803,27.48637089,0.014390775,4.832610301
5418,107,46,4.5,2.33,56.39,273.78,9.1,64.68767941,29.71068978,0.082651851,5.518978961
5418.2,107.2,46.1,4.4,2.33,56.56,273.78,8.91,64.68767941,29.71068978,0.082651851,5.518978961
5418.4,107.4,46.2,5.8,2.33,61.72,273.78,8.93,64.68767941,29.71068978,0.082651851,5.518978961
5418.6,107.6,46.2,4.4,2.33,61.85,273.78,9.07,64.68767941,29.71068978,0.082651851,5.518978961
5418.8,107.8,46.3,5.2,2.33,57.55,273.78,9.11,64.68767941,29.71068978,0.082651851,5.518978961
5419,108,46.4,4.4,2.33,58.03,273.78,8.91,68.38098437,26.37293015,0.121815671,5.12426981
5419.2,108.2,46.5,5,2.33,61.4,273.78,9,68.38098437,26.37293015,0.121815671,5.12426981
5419.4,108.4,46.5,4.3,2.33,59.37,273.78,9.13,68.38098437,26.37293015,0.121815671,5.12426981
5419.6,108.6,46.6,4.4,2.33,60.06,273.78,9.03,68.38098437,26.37293015,0.121815671,5.12426981
5419.8,108.8,46.7,4.6,2.33,58.51,273.78,9.13,68.38098437,26.37293015,0.121815671,5.12426981
5420,109,46.8,4.4,2.33,59.43,273.78,8.94,68.46130979,25.71299646,0.08789008,5.737803675
5420.2,109.2,46.8,4.6,2.33,58.75,273.78,9.22,68.46130979,25.71299646,0.08789008,5.737803675
5420.4,109.4,46.9,3.4,2.33,58.16,274.209,9.19,68.46130979,25.71299646,0.08789008,5.737803675
5420.6,109.6,47,4.5,2.33,59.9,278.07,9.11,68.46130979,25.71299646,0.08789008,5.737803675
5420.8,109.8,47.1,4.6,2.33,58.12,277.927,9.11,68.46130979,25.71299646,0.08789008,5.737803675
5421,110,47.1,5.5,2.33,58.47,278.07,8.86,67.95148476,27.60608488,0.159706229,4.282724135
5421.2,110.2,47.2,4.7,2.33,54.54,278.07,9.07,67.95148476,27.60608488,0.159706229,4.282724135
5421.4,110.4,47.3,4.7,2.33,54.3,278.07,8.96,67.95148476,27.60608488,0.159706229,4.282724135
5421.6,110.6,47.4,4.3,2.33,50.65,278.07,8.93,67.95148476,27.60608488,0.159706229,4.282724135
5421.8,110.8,47.4,3,2.34,49.92,278.07,9.06,67.95148476,27.60608488,0.159706229,4.282724135
5422,111,47.5,5.2,2.34,51.04,278.07,8.87,66.38553911,28.89296518,0.212597394,4.508898314
5422.2,111.2,47.6,5.9,2.34,51,278.07,8.69,66.38553911,28.89296518,0.212597394,4.508898314
5422.4,111.4,47.7,4.4,2.34,51.68,278.07,8.78,66.38553911,28.89296518,0.212597394,4.508898314
5422.6,111.6,47.8,5.7,2.34,51.38,278.07,8.91,66.38553911,28.89296518,0.212597394,4.508898314
5422.8,111.8,47.8,3,2.34,45.22,278.07,8.99,66.38553911,28.89296518,0.212597394,4.508898314
5423,112,47.9,3,2.34,51.31,277.927,9.02,66.67902086,28.38751909,0.249234718,4.684225329
5423.2,112.2,48,5.9,2.34,52.99,278.07,8.94,66.67902086,28.38751909,0.249234718,4.684225329
5423.4,112.4,48,4.1,2.34,49.16,277.927,8.85,66.67902086,28.38751909,0.249234718,4.684225329
5423.6,112.6,48.2,6.8,2.34,52.2,278.07,8.81,66.67902086,28.38751909,0.249234718,4.684225329
5423.8,112.8,48.3,7.7,2.34,51.83,278.07,8.64,66.67902086,28.38751909,0.249234718,4.684225329
5424,113,48.4,4.5,2.34,55.06,278.07,8.69,65.63454461,29.96055758,0.160184432,4.244713378
5424.2,113.2,48.4,4.4,2.34,53.9,278.07,9.06,65.63454461,29.96055758,0.160184432,4.244713378
5424.4,113.4,48.5,4,2.34,56.21,278.07,9.06,65.63454461,29.96055758,0.160184432,4.244713378
5424.6,113.6,48.6,4.2,2.34,53.03,277.927,8.93,65.63454461,29.96055758,0.160184432,4.244713378
5424.8,113.8,48.6,3.9,2.34,53.84,278.07,8.8,65.63454461,29.96055758,0.160184432,4.244713378
5425,114,48.7,5.2,2.34,53.49,278.07,8.69,64.71490361,31.28565479,0.128505586,3.870936008
5425.2,114.2,48.8,5.6,2.34,54.77,277.927,8.71,64.71490361,31.28565479,0.128505586,3.870936008
5425.4,114.4,48.9,5.6,2.34,58.48,278.07,8.79,64.71490361,31.28565479,0.128505586,3.870936008
5425.6,114.6,49,7,2.34,59.01,278.07,8.68,64.71490361,31.28565479,0.128505586,3.870936008
5425.8,114.8,49.3,15,2.33,22.73,245.194,6.59,64.71490361,31.28565479,0.128505586,3.870936008
5426,115,49.3,4.6,2.33,54.58,281.359,9.1,62.17394164,34.65322498,0.111120942,3.061712431
5426.2,115.2,49.4,4,2.33,49.79,280.216,9.07,62.17394164,34.65322498,0.111120942,3.061712431
5426.4,115.4,49.5,3,2.33,53.32,280.502,9.13,62.17394164,34.65322498,0.111120942,3.061712431
5426.6,115.6,49.5,4.7,2.33,53.43,281.073,8.9,62.17394164,34.65322498,0.111120942,3.061712431
5426.8,115.8,49.6,4.5,2.33,55.86,281.216,8.97,62.17394164,34.65322498,0.111120942,3.061712431
5427,116,49.7,5.3,2.33,55.64,281.359,8.88,66.28846862,30.74329458,0.148314718,2.819922082
5427.2,116.2,49.8,4.3,2.33,56.69,281.073,8.99,66.28846862,30.74329458,0.148314718,2.819922082
5427.4,116.4,49.8,4.4,2.34,58.04,281.502,9.03,66.28846862,30.74329458,0.148314718,2.819922082
5427.6,116.6,49.9,4.5,2.34,59.39,281.073,8.96,66.28846862,30.74329458,0.148314718,2.819922082
5427.8,116.8,50,5.4,2.34,59.82,281.216,9.01,66.28846862,30.74329458,0.148314718,2.819922082
5428,117,50.1,5.5,2.34,59.69,281.216,8.87,65.22998825,30.32701519,0.222309525,4.220687027
5428.2,117.2,50.2,5.2,2.34,55.11,280.216,9.07,65.22998825,30.32701519,0.222309525,4.220687027
5428.4,117.4,50.2,3.6,2.34,52.08,281.216,9.1,65.22998825,30.32701519,0.222309525,4.220687027
5428.6,117.6,50.3,3.8,2.34,55.59,281.645,9.02,65.22998825,30.32701519,0.222309525,4.220687027
5428.8,117.8,50.4,4.3,2.34,57.86,285.363,8.95,65.22998825,30.32701519,0.222309525,4.220687027
5429,118,50.5,4.5,2.34,58.82,285.363,9.05,64.75718421,31.41030526,0.174877947,3.657632578
5429.2,118.2,50.5,4,2.34,60.49,285.363,9.04,64.75718421,31.41030526,0.174877947,3.657632578
5429.4,118.4,50.6,4.5,2.34,56.94,284.363,9.11,64.75718421,31.41030526,0.174877947,3.657632578
5429.6,118.6,50.7,3.4,2.34,59.4,285.363,9.06,64.75718421,31.41030526,0.174877947,3.657632578
5429.8,118.8,50.7,3.4,2.34,62.56,285.363,8.96,64.75718421,31.41030526,0.174877947,3.657632578
5430,119,50.8,4.7,2.34,63.7,285.363,8.89,63.89494794,31.64444878,0.12235756,4.338245723
5430.2,119.2,50.9,4.3,2.34,64.38,285.363,8.91,63.89494794,31.64444878,0.12235756,4.338245723
5430.4,119.4,51,6.2,2.34,65.5,285.363,8.75,63.89494794,31.64444878,0.12235756,4.338245723
5430.6,119.6,51.1,5,2.34,64.39,285.363,8.8,63.89494794,31.64444878,0.12235756,4.338245723
5430.8,119.8,51.1,4.1,2.34,64.17,285.363,8.98,63.89494794,31.64444878,0.12235756,4.338245723
5431,120,51.2,4.5,2.34,64.36,285.363,8.97,64.54366075,31.67846505,0.156478402,3.621395798
5431.2,120.2,51.3,4.3,2.34,61.6,285.363,8.88,64.54366075,31.67846505,0.156478402,3.621395798
5431.4,120.4,51.3,3.5,2.35,62.3,285.363,8.86,64.54366075,31.67846505,0.156478402,3.621395798
5431.6,120.6,51.4,5.4,2.35,64.64,285.363,8.86,64.54366075,31.67846505,0.156478402,3.621395798
5431.8,120.8,51.5,3.3,2.35,62.01,285.363,8.97,64.54366075,31.67846505,0.156478402,3.621395798
5432,121,51.5,4.4,2.35,66.3,285.363,8.84,64.30383444,31.40367344,0.168061896,4.124430226
5432.2,121.2,51.6,4.9,2.35,64.95,285.363,8.83,64.30383444,31.40367344,0.168061896,4.124430226
5432.4,121.4,51.7,5.8,2.35,68.23,285.363,8.67,64.30383444,31.40367344,0.168061896,4.124430226
5432.6,121.6,51.8,4.3,2.35,64.23,285.363,8.79,64.30383444,31.40367344,0.168061896,4.124430226
5432.8,121.8,51.9,5.1,2.35,66.86,285.363,8.67,64.30383444,31.40367344,0.168061896,4.124430226
5433,122,52,6.2,2.35,68.21,285.363,8.78,57.29473647,38.63250943,0.186330521,3.886423577
5433.2,122.2,52.1,4.7,2.35,67.39,285.363,8.94,57.29473647,38.63250943,0.186330521,3.886423577
5433.4,122.4,52.1,4.4,2.35,66.35,285.363,8.78,57.29473647,38.63250943,0.186330521,3.886423577
5433.6,122.6,52.2,5.8,2.35,65.16,285.363,8.63,57.29473647,38.63250943,0.186330521,3.886423577
5433.8,122.8,52.3,6,2.35,65.53,285.363,8.59,57.29473647,38.63250943,0.186330521,3.886423577
5434,123,52.4,5.5,2.35,65,285.363,8.71,61.36648427,35.40997442,0.051093491,3.172447827
5434.2,123.2,52.5,4.5,2.35,64.78,285.363,8.83,61.36648427,35.40997442,0.051093491,3.172447827
5434.4,123.4,52.6,4.1,2.35,65.59,285.363,8.81,61.36648427,35.40997442,0.051093491,3.172447827
5434.6,123.6,52.7,5.3,2.35,64.28,285.363,8.67,61.36648427,35.40997442,0.051093491,3.172447827
5434.8,123.8,52.7,2.7,2.35,64.21,285.363,8.93,61.36648427,35.40997442,0.051093491,3.172447827
5435,124,52.8,4,2.35,64.68,285.363,8.93,60.55898793,34.03957635,0.059606063,5.34182966
5435.2,124.2,52.9,6,2.35,65.63,285.363,8.84,60.55898793,34.03957635,0.059606063,5.34182966
5435.4,124.4,53,5.9,2.35,29.16,225.75,6.16,60.55898793,34.03957635,0.059606063,5.34182966
5435.6,124.67,53,5,2.35,53.73,284.363,8.52,60.55898793,34.03957635,0.059606063,5.34182966
5435.8,124.8,53,3.6,2.35,57.77,284.363,8.77,60.55898793,34.03957635,0.059606063,5.34182966
5436,125,53.1,5.2,2.35,56.06,284.506,8.64,56.53588997,37.93738724,0.1511937,5.375529095
5436.2,125.2,53.2,5.3,2.35,56.93,285.363,8.64,56.53588997,37.93738724,0.1511937,5.375529095
5436.4,125.4,53.3,6.4,2.35,58.63,285.506,8.56,56.53588997,37.93738724,0.1511937,5.375529095
5436.6,125.6,53.4,5.1,2.35,57.03,285.506,8.63,56.53588997,37.93738724,0.1511937,5.375529095
5436.8,125.8,53.5,7.3,2.35,56.9,285.363,8.6,56.53588997,37.93738724,0.1511937,5.375529095
5437,126,53.6,5.3,2.35,57.48,285.506,8.72,55.14318186,41.1214613,0.121238175,3.614118666
5437.2,126.2,53.7,7.7,2.35,58.52,285.363,8.7,55.14318186,41.1214613,0.121238175,3.614118666
5437.4,126.4,53.8,4.3,2.35,55.41,285.506,8.61,55.14318186,41.1214613,0.121238175,3.614118666
5437.6,126.6,53.9,8.7,2.35,58.45,285.506,8.56,55.14318186,41.1214613,0.121238175,3.614118666
5437.8,126.8,54,5.4,2.35,58.51,285.363,8.67,55.14318186,41.1214613,0.121238175,3.614118666
5438,127,54.1,5.8,2.35,58.29,285.363,8.77,63.79472153,32.43247017,0.135549052,3.637259246
5438.2,127.2,54.2,6.3,2.35,60.53,284.363,8.55,63.79472153,32.43247017,0.135549052,3.637259246
5438.4,127.4,54.3,6.1,2.34,60.29,280.506,8.44,63.79472153,32.43247017,0.135549052,3.637259246
5438.6,127.6,54.5,8.3,2.34,60.93,280.363,8.5,63.79472153,32.43247017,0.135549052,3.637259246
5438.8,127.8,54.6,4.8,2.34,57.42,280.363,8.8,63.79472153,32.43247017,0.135549052,3.637259246
5439,128,54.6,4.9,2.34,57.3,280.506,8.57,63.82860922,31.42215163,0.166379963,4.582859191
5439.2,128.2,54.8,7.9,2.34,56.37,280.363,8.35,63.82860922,31.42215163,0.166379963,4.582859191
5439.4,128.4,54.8,4.2,2.34,58.1,280.363,8.64,63.82860922,31.42215163,0.166379963,4.582859191
5439.6,128.6,54.9,5.7,2.34,57.8,280.363,8.38,63.82860922,31.42215163,0.166379963,4.582859191
5439.8,128.8,55,6.7,2.34,57.2,280.363,8.51,63.82860922,31.42215163,0.166379963,4.582859191
5440,129,55.1,4.9,2.34,56.63,280.363,8.51,63.03720908,32.97712008,0.20821344,3.777457406
5440.2,129.2,55.2,5.7,2.34,58.6,280.363,8.47,63.03720908,32.97712008,0.20821344,3.777457406
5440.4,129.4,55.3,7.1,2.34,60.27,280.506,8.29,63.03720908,32.97712008,0.20821344,3.777457406
5440.6,129.6,55.4,5.2,2.34,41.04,276.645,7.76,63.03720908,32.97712008,0.20821344,3.777457406
5440.8,129.8,55.5,5.5,2.34,72.62,280.363,8.6,63.03720908,32.97712008,0.20821344,3.777457406
5441,130,55.6,6.4,2.34,70.92,280.506,8.78,65.47067945,30.76074122,0.033043765,3.735535567
5441.2,130.2,55.7,4.8,2.34,72.84,280.363,8.91,65.47067945,30.76074122,0.033043765,3.735535567
5441.4,130.4,55.8,6.3,2.34,62.93,280.363,8.61,65.47067945,30.76074122,0.033043765,3.735535567
5441.6,130.6,55.9,5.1,2.34,60.87,280.506,8.8,65.47067945,30.76074122,0.033043765,3.735535567
5441.8,130.8,56,4.6,2.34,61.56,280.363,8.76,65.47067945,30.76074122,0.033043765,3.735535567
5442,131,56.1,6.5,2.34,63.42,280.363,8.75,65.33577988,31.03397044,0.006266961,3.623982718
5442.2,131.2,56.2,5.8,2.34,62.79,280.363,8.53,65.33577988,31.03397044,0.006266961,3.623982718
5442.4,131.4,56.3,5.5,2.34,64.06,280.363,8.62,65.33577988,31.03397044,0.006266961,3.623982718
5442.6,131.6,56.4,5.7,2.33,63.12,280.363,8.82,65.33577988,31.03397044,0.006266961,3.623982718
5442.8,131.8,56.4,4.6,2.34,64.96,280.506,8.72,65.33577988,31.03397044,0.006266961,3.623982718
5443,132,56.6,6.7,2.33,65,280.363,8.89,65.9506931,30.37592294,0.044493683,3.628890272
5443.2,132.2,56.6,4.1,2.33,61.15,280.363,8.75,65.9506931,30.37592294,0.044493683,3.628890272
5443.4,132.4,56.7,4.8,2.34,66.2,280.363,9.03,65.9506931,30.37592294,0.044493683,3.628890272
5443.6,132.6,56.8,4.6,2.34,61.64,280.363,8.78,65.9506931,30.37592294,0.044493683,3.628890272
5443.8,132.8,56.9,4.6,2.34,61.66,280.363,8.81,65.9506931,30.37592294,0.044493683,3.628890272
5444,133,56.9,4.7,2.34,60.85,280.506,8.78,67.9462942,28.34088943,0.022055749,3.690760624
5444.2,133.2,57,5.4,2.34,62.28,280.363,8.66,67.9462942,28.34088943,0.022055749,3.690760624
5444.4,133.4,57.1,4.8,2.34,66.33,280.363,8.91,67.9462942,28.34088943,0.022055749,3.690760624
5444.6,133.6,57.2,4.5,2.34,65.55,280.363,8.83,67.9462942,28.34088943,0.022055749,3.690760624
5444.8,133.8,57.3,4.7,2.34,66.57,280.363,8.95,67.9462942,28.34088943,0.022055749,3.690760624
5445,134,57.3,4.9,2.34,68.17,280.506,8.8,68.82162988,28.07792232,0.120498343,2.979949457
5445.2,134.2,57.4,5.1,2.34,68.66,280.363,8.74,68.82162988,28.07792232,0.120498343,2.979949457
5445.4,134.4,57.5,4.7,2.34,68.27,280.363,8.83,68.82162988,28.07792232,0.120498343,2.979949457
5445.6,134.6,57.6,6.4,2.34,68.65,280.506,8.78,68.82162988,28.07792232,0.120498343,2.979949457
5445.8,134.8,57.7,5.4,2.34,29.64,280.363,7.86,68.82162988,28.07792232,0.120498343,2.979949457
5446,135,57.8,5.8,2.34,59.96,279.363,8.6,68.95676532,27.35628375,0.019629647,3.66732129
5446.2,135.2,57.9,5.7,2.34,60.62,280.506,8.58,68.95676532,27.35628375,0.019629647,3.66732129
5446.4,135.4,58,5,2.34,60.42,280.363,8.62,68.95676532,27.35628375,0.019629647,3.66732129
5446.6,135.6,58.1,5.6,2.34,61.13,280.363,8.69,68.95676532,27.35628375,0.019629647,3.66732129
5446.8,135.8,58.2,5.5,2.34,59.24,280.363,8.47,68.95676532,27.35628375,0.019629647,3.66732129
5447,136,58.3,6.1,2.33,60.82,280.506,8.46,65.96500388,30.19252188,0.101482015,3.740992217
5447.2,136.2,58.3,4.3,2.33,68.83,280.363,8.67,65.96500388,30.19252188,0.101482015,3.740992217
5447.4,136.4,58.4,5.8,2.33,71.46,280.363,8.69,65.96500388,30.19252188,0.101482015,3.740992217
5447.6,136.6,58.5,6.3,2.33,71.35,280.506,8.65,65.96500388,30.19252188,0.101482015,3.740992217
5447.8,136.8,58.7,8,2.33,71.75,280.363,8.47,65.96500388,30.19252188,0.101482015,3.740992217
5448,137,58.7,4.3,2.33,70.86,280.506,8.76,69.36786394,27.22297045,0.11625279,3.292912819
5448.2,137.2,58.8,4.5,2.33,70.75,280.363,8.78,69.36786394,27.22297045,0.11625279,3.292912819
5448.4,137.4,58.9,5.2,2.33,70.81,280.363,8.89,69.36786394,27.22297045,0.11625279,3.292912819
5448.6,137.6,59,3.8,2.33,69.16,280.363,8.85,69.36786394,27.22297045,0.11625279,3.292912819
5448.8,137.8,59.1,5.8,2.33,72.67,280.363,8.81,69.36786394,27.22297045,0.11625279,3.292912819
5449,138,59.1,4.8,2.33,69.23,280.506,8.72,70.87720742,25.14380444,0.219657786,3.759330354
5449.2,138.2,59.2,4.5,2.33,72.2,280.363,8.83,70.87720742,25.14380444,0.219657786,3.759330354
5449.4,138.4,59.3,5.1,2.33,71.46,280.363,8.88,70.87720742,25.14380444,0.219657786,3.759330354
5449.6,138.6,59.4,4.7,2.33,71.67,280.363,8.72,70.87720742,25.14380444,0.219657786,3.759330354
5449.8,138.8,59.5,5.2,2.33,42.35,280.506,7.95,70.87720742,25.14380444,0.219657786,3.759330354
5450,139,59.5,3.5,2.34,72.59,280.363,8.97,67.87872523,28.55612902,0.107733553,3.457412201
5450.2,139.2,59.6,3.9,2.34,76.16,280.363,8.83,67.87872523,28.55612902,0.107733553,3.457412201
5450.4,139.4,59.7,4.2,2.34,80.49,280.363,9.04,67.87872523,28.55612902,0.107733553,3.457412201
5450.6,139.6,59.7,3.7,2.34,79.58,280.506,8.85,67.87872523,28.55612902,0.107733553,3.457412201
5450.8,139.8,59.8,5.1,2.34,79.5,280.363,8.97,67.87872523,28.55612902,0.107733553,3.457412201
5451,140,59.9,4.9,2.34,77.3,280.363,8.96,58.54907512,38.40606795,0.059464083,2.985392845
5451.2,140.2,59.9,3.8,2.34,74.17,280.363,8.72,58.54907512,38.40606795,0.059464083,2.985392845
5451.4,140.4,60.1,6.5,2.34,76.34,280.363,8.76,58.54907512,38.40606795,0.059464083,2.985392845
5451.6,140.6,60.1,5.1,2.34,72.95,280.506,8.73,58.54907512,38.40606795,0.059464083,2.985392845
5451.8,140.8,60.2,3.9,2.34,72.23,280.363,8.69,58.54907512,38.40606795,0.059464083,2.985392845
5452,141,60.3,4.1,2.34,79.83,280.363,8.85,66.20170077,30.86106308,0.073069548,2.864166608
5452.2,141.2,60.4,6.3,2.34,77.32,280.363,8.73,66.20170077,30.86106308,0.073069548,2.864166608
5452.4,141.4,60.5,4.9,2.34,78.56,280.506,8.69,66.20170077,30.86106308,0.073069548,2.864166608
5452.6,141.6,60.5,5.1,2.34,79.08,280.363,8.8,66.20170077,30.86106308,0.073069548,2.864166608
5452.8,141.8,60.6,4.1,2.34,76.42,280.363,8.85,66.20170077,30.86106308,0.073069548,2.864166608
5453,142,60.7,5.8,2.34,76.51,280.363,8.79,69.02317514,27.51699013,0.166354227,3.293480505
5453.2,142.2,60.8,5.6,2.34,76.27,280.363,8.69,69.02317514,27.51699013,0.166354227,3.293480505
5453.4,142.4,60.9,5,2.34,70.8,280.506,8.65,69.02317514,27.51699013,0.166354227,3.293480505
5453.6,142.6,61,3.9,2.34,74.72,280.363,8.77,69.02317514,27.51699013,0.166354227,3.293480505
5453.8,142.8,61,5.1,2.34,76.16,280.363,8.77,69.02317514,27.51699013,0.166354227,3.293480505
5454,143,61.2,6.8,2.34,72.82,280.363,8.67,65.26148885,31.48621987,0.185246896,3.067044382
5454.2,143.2,61.2,3.7,2.34,70.48,280.363,8.58,65.26148885,31.48621987,0.185246896,3.067044382
5454.4,143.4,61.3,3.7,2.34,74.35,280.506,8.62,65.26148885,31.48621987,0.185246896,3.067044382
5454.6,143.6,61.4,5,2.34,82.49,280.363,8.8,65.26148885,31.48621987,0.185246896,3.067044382
5454.8,143.8,61.5,6.5,2.34,83.63,280.506,8.74,65.26148885,31.48621987,0.185246896,3.067044382
5455,144,61.5,4.6,2.34,26.44,268.637,7.9,63.91728746,32.31991718,0.063032353,3.699763
5455.2,144.2,61.6,5.2,2.34,75.09,278.363,8.73,63.91728746,32.31991718,0.063032353,3.699763
5455.4,144.4,61.7,5.3,2.34,72.29,280.363,8.78,63.91728746,32.31991718,0.063032353,3.699763
5455.6,144.6,61.8,4.1,2.34,70.92,280.506,8.58,63.91728746,32.31991718,0.063032353,3.699763
5455.8,144.8,61.9,6.1,2.34,75.87,280.363,8.68,63.91728746,32.31991718,0.063032353,3.699763
5456,145,62,5,2.34,71.73,280.506,8.79,67.79190655,27.04746446,0.161925573,4.998703416
5456.2,145.2,62,3.3,2.34,30.74,263.207,7.59,67.79190655,27.04746446,0.161925573,4.998703416
5456.4,145.4,62.1,4.2,2.34,74.5,280.363,8.86,67.79190655,27.04746446,0.161925573,4.998703416
5456.6,145.6,62.2,4.5,2.34,69.83,280.506,8.8,67.79190655,27.04746446,0.161925573,4.998703416
5456.8,145.8,62.2,3.7,2.34,71.72,280.506,8.83,67.79190655,27.04746446,0.161925573,4.998703416
5457,146,62.3,4,2.34,72.96,280.363,8.75,66.0233411,29.63536865,0.102701587,4.238588664
5457.2,146.2,62.4,4.9,2.34,76.54,280.506,8.67,66.0233411,29.63536865,0.102701587,4.238588664
5457.4,146.4,62.5,4.2,2.34,77.46,280.506,8.72,66.0233411,29.63536865,0.102701587,4.238588664
5457.6,146.6,62.5,4.8,2.34,78.72,280.506,8.6,66.0233411,29.63536865,0.102701587,4.238588664
5457.8,146.8,62.7,7.4,2.34,79.42,280.506,8.56,66.0233411,29.63536865,0.102701587,4.238588664
5458,147,62.7,5.2,2.34,75.4,280.506,8.64,66.577268,28.45272993,0.109273374,4.860728697
5458.2,147.2,62.8,4.5,2.34,80.01,280.506,8.68,66.577268,28.45272993,0.109273374,4.860728697
5458.4,147.4,62.9,4.7,2.34,84.67,280.363,8.6,66.577268,28.45272993,0.109273374,4.860728697
5458.6,147.6,63,6.8,2.34,82.29,280.506,8.75,66.577268,28.45272993,0.109273374,4.860728697
5458.8,147.8,63.1,4.8,2.34,79.93,280.506,8.71,66.577268,28.45272993,0.109273374,4.860728697
5459,148,63.2,4.4,2.34,83.2,280.363,8.66,64.54498916,31.75514367,0.065911033,3.633956143
5459.2,148.2,63.3,5.8,2.34,86.75,280.363,8.75,64.54498916,31.75514367,0.065911033,3.633956143
5459.4,148.4,63.3,5.6,2.34,87.25,280.363,8.75,64.54498916,31.75514367,0.065911033,3.633956143
5459.6,148.6,63.5,8.4,2.34,85.95,280.363,8.57,64.54498916,31.75514367,0.065911033,3.633956143
5459.8,148.8,63.6,5.9,2.34,81.43,280.506,8.28,64.54498916,31.75514367,0.065911033,3.633956143
5460,149,63.7,8.3,2.34,82.88,280.506,8.35,65.07895786,31.43856264,0.089855891,3.392623615
5460.2,149.2,63.8,6.4,2.34,83.26,280.363,8.4,65.07895786,31.43856264,0.089855891,3.392623615
5460.4,149.4,63.9,4.6,2.34,60.42,280.506,7.91,65.07895786,31.43856264,0.089855891,3.392623615
5460.6,149.6,64,4.5,2.34,86.47,280.506,8.95,65.07895786,31.43856264,0.089855891,3.392623615
5460.8,149.8,64.1,4.4,2.34,85.35,280.363,8.79,65.07895786,31.43856264,0.089855891,3.392623615
5461,150,64.1,3.8,2.34,83.4,280.363,8.97,63.12399043,33.02316751,0.172642481,3.680199575
5461.2,150.2,64.2,3,2.34,85.96,280.363,8.99,63.12399043,33.02316751,0.172642481,3.680199575
5461.4,150.4,64.2,3.3,2.34,87.48,280.506,8.92,63.12399043,33.02316751,0.172642481,3.680199575
5461.6,150.6,64.3,6.7,2.34,88.89,280.363,8.77,63.12399043,33.02316751,0.172642481,3.680199575
5461.8,150.8,64.4,4.1,2.34,87.65,280.506,8.85,63.12399043,33.02316751,0.172642481,3.680199575
5462,151,64.5,6.2,2.34,87.82,280.506,8.7,65.74629699,31.18747741,0.076947637,2.989277963
5462.2,151.2,64.6,4.3,2.34,85.16,280.506,8.78,65.74629699,31.18747741,0.076947637,2.989277963
5462.4,151.4,64.6,4.1,2.34,85.3,283.363,8.88,65.74629699,31.18747741,0.076947637,2.989277963
5462.6,151.6,64.7,6,2.34,85.59,285.506,8.78,65.74629699,31.18747741,0.076947637,2.989277963
5462.8,151.8,64.8,5.5,2.34,83.75,285.363,8.87,65.74629699,31.18747741,0.076947637,2.989277963
5463,152,64.9,6.1,2.34,82.27,286.65,8.51,65.47589659,31.23918722,0.122992252,3.161923931
5463.2,152.2,65.1,6.7,2.34,83.34,289.653,8.66,65.47589659,31.23918722,0.122992252,3.161923931
5463.4,152.4,65.1,3.8,2.34,80.86,289.653,8.82,65.47589659,31.23918722,0.122992252,3.161923931
5463.6,152.6,65.2,5.2,2.34,83.81,289.653,8.76,65.47589659,31.23918722,0.122992252,3.161923931
5463.8,152.8,65.3,6.5,2.34,85.87,289.653,8.65,65.47589659,31.23918722,0.122992252,3.161923931
5464,153,65.5,8.7,2.34,32.15,209.743,4.86,65.28991625,31.34558143,0.111233991,3.253268331
5464.2,153.2,65.5,2.5,2.34,53.51,284.796,8.27,65.28991625,31.34558143,0.111233991,3.253268331
5464.4,153.4,65.6,6.9,2.34,61.96,283.796,8.52,65.28991625,31.34558143,0.111233991,3.253268331
5464.6,153.6,65.7,7.3,2.34,57.19,284.653,8.36,65.28991625,31.34558143,0.111233991,3.253268331
5464.8,153.8,65.8,4.9,2.34,65.23,288.653,8.61,65.28991625,31.34558143,0.111233991,3.253268331
5465,154,65.9,8.2,2.34,65.09,289.653,8.7,64.97728004,30.88975135,0.102077484,4.030891133
5465.2,154.2,66,5.9,2.33,62.66,289.796,8.66,64.97728004,30.88975135,0.102077484,4.030891133
5465.4,154.4,66.2,6.7,2.33,62.12,289.653,8.85,64.97728004,30.88975135,0.102077484,4.030891133
5465.6,154.6,66.3,10.3,2.33,53.88,289.796,8.54,64.97728004,30.88975135,0.102077484,4.030891133
5465.8,154.8,66.4,6.3,2.33,52.76,289.653,8.73,64.97728004,30.88975135,0.102077484,4.030891133
5466,155,66.5,5.5,2.33,50.38,289.653,8.72,62.14156789,34.38123186,0.104896331,3.372303924
5466.2,155.2,66.6,7.2,2.33,62.03,289.653,8.64,62.14156789,34.38123186,0.104896331,3.372303924
5466.4,155.4,66.7,4.7,2.33,66.97,289.653,8.72,62.14156789,34.38123186,0.104896331,3.372303924
5466.6,155.6,66.9,7.9,2.33,65.07,289.653,8.9,62.14156789,34.38123186,0.104896331,3.372303924
5466.8,155.8,67,5.8,2.33,66.86,289.653,8.94,62.14156789,34.38123186,0.104896331,3.372303924
5467,156,67.1,5.9,2.33,57.81,289.653,9,66.587169,29.91627511,0.026167066,3.470388819
5467.2,156.2,67.1,4.1,2.33,64.27,289.653,9.07,66.587169,29.91627511,0.026167066,3.470388819
5467.4,156.4,67.2,7.1,2.33,65.25,289.653,8.93,66.587169,29.91627511,0.026167066,3.470388819
5467.6,156.6,67.3,3.3,2.33,62.08,289.653,8.93,66.587169,29.91627511,0.026167066,3.470388819
5467.8,156.8,67.4,6.1,2.33,64.04,289.653,8.98,66.587169,29.91627511,0.026167066,3.470388819
5468,157,67.5,4.4,2.33,63.54,289.653,9.09,67.48061936,28.74934625,0.206521052,3.563513338
5468.2,157.2,67.5,4.2,2.33,65.01,289.653,9.02,67.48061936,28.74934625,0.206521052,3.563513338
5468.4,157.4,67.6,6.1,2.33,66.12,289.653,8.94,67.48061936,28.74934625,0.206521052,3.563513338
5468.6,157.6,67.7,5.9,2.33,58.88,289.653,8.85,67.48061936,28.74934625,0.206521052,3.563513338
5468.8,157.8,67.8,4.6,2.33,65.13,289.653,9,67.48061936,28.74934625,0.206521052,3.563513338
5469,158,67.9,5.7,2.33,67.15,289.653,8.97,66.15246324,30.2907776,0.058916959,3.4978422
5469.2,158.2,68,5.4,2.33,70.22,289.796,9,66.15246324,30.2907776,0.058916959,3.4978422
5469.4,158.4,68.1,4.6,2.33,70.05,289.653,8.86,66.15246324,30.2907776,0.058916959,3.4978422
5469.6,158.6,68.2,6.3,2.33,73.91,289.653,8.96,66.15246324,30.2907776,0.058916959,3.4978422
5469.8,158.8,68.3,5.7,2.33,67.96,289.653,9.17,66.15246324,30.2907776,0.058916959,3.4978422
5470,159,68.3,3.4,2.33,70.27,289.653,9.12,71.27502715,24.95373977,0.148247848,3.62298524
5470.2,159.2,68.4,4.4,2.33,70.37,289.653,9.04,71.27502715,24.95373977,0.148247848,3.62298524
5470.4,159.4,68.5,4.3,2.33,71.97,289.653,9.1,71.27502715,24.95373977,0.148247848,3.62298524
5470.6,159.6,68.5,3.3,2.33,72.78,289.653,9.07,71.27502715,24.95373977,0.148247848,3.62298524
5470.8,159.8,68.6,4.5,2.33,69.24,289.653,9.17,71.27502715,24.95373977,0.148247848,3.62298524
5471,160,68.7,2.8,2.33,72.77,288.653,9.2,68.56048204,28.20018143,0.114378214,3.124958311
5471.2,160.2,68.7,5.1,2.33,74.93,289.653,8.75,68.56048204,28.20018143,0.114378214,3.124958311
5471.4,160.4,68.9,7,2.33,75.73,289.653,8.79,68.56048204,28.20018143,0.114378214,3.124958311
5471.6,160.6,69,7.5,2.33,48.36,289.653,8.33,68.56048204,28.20018143,0.114378214,3.124958311
5471.8,160.8,69.1,4.6,2.33,71.13,289.653,8.99,68.56048204,28.20018143,0.114378214,3.124958311
5472,161.02,69.2,7.3,2.33,65.98,289.653,8.77,65.37259007,30.04227717,0.198572762,4.386559992
5472.2,161.2,69.3,4.6,2.33,62.07,289.653,8.84,65.37259007,30.04227717,0.198572762,4.386559992
5472.4,161.4,69.3,2.2,2.33,67.65,289.653,9.06,65.37259007,30.04227717,0.198572762,4.386559992
5472.6,161.6,69.4,5.3,2.33,72.4,289.653,8.88,65.37259007,30.04227717,0.198572762,4.386559992
5472.8,161.8,69.5,6.6,2.33,75.1,289.653,9.02,65.37259007,30.04227717,0.198572762,4.386559992
5473,162,69.6,5,2.33,70,289.653,9,66.42624964,28.95001257,0.171701473,4.452036317
5473.2,162.2,69.6,3.8,2.33,67.5,289.51,9.13,66.42624964,28.95001257,0.171701473,4.452036317
5473.4,162.4,69.7,3.8,2.33,70.43,289.653,9.13,66.42624964,28.95001257,0.171701473,4.452036317
5473.6,162.6,69.8,5.2,2.33,67.28,289.653,8.84,66.42624964,28.95001257,0.171701473,4.452036317
5473.8,162.8,69.9,5.7,2.33,69.54,289.653,8.85,66.42624964,28.95001257,0.171701473,4.452036317
5474,163,70,6.6,2.33,69.77,289.653,8.68,59.70105492,29.16389551,0.224811816,10.91023776
5474.2,163.2,70.1,6.3,2.33,70.14,289.653,8.82,59.70105492,29.16389551,0.224811816,10.91023776
5474.4,163.4,70.2,6.3,2.33,69.51,289.653,8.92,59.70105492,29.16389551,0.224811816,10.91023776
5474.6,163.6,70.3,7,2.33,61.08,289.653,8.88,59.70105492,29.16389551,0.224811816,10.91023776
5474.8,163.8,70.4,3.3,2.33,57.04,289.653,9.01,59.70105492,29.16389551,0.224811816,10.91023776
5475,164,70.5,4.6,2.33,67.46,289.653,8.96,56.88193043,29.63301688,0.093149741,13.39190295
5475.2,164.2,70.5,4.7,2.33,62.85,289.653,9.13,56.88193043,29.63301688,0.093149741,13.39190295
5475.4,164.4,70.6,3.9,2.33,69.08,289.653,9.19,56.88193043,29.63301688,0.093149741,13.39190295
5475.6,164.6,70.7,4.3,2.33,69.04,289.653,8.99,56.88193043,29.63301688,0.093149741,13.39190295
5475.8,164.8,70.9,10.8,2.33,31.39,289.653,8.33,56.88193043,29.63301688,0.093149741,13.39190295
5476,165,71,7.8,2.32,50.09,289.653,8.6,55.86131266,30.1851706,0.106570404,13.84694634
5476.2,165.2,71.1,9.7,2.32,50.62,289.653,8.43,55.86131266,30.1851706,0.106570404,13.84694634
5476.4,165.4,71.3,8.1,2.32,46.99,289.653,8.5,55.86131266,30.1851706,0.106570404,13.84694634
5476.6,165.6,71.4,6.5,2.32,27.21,289.653,7.93,55.86131266,30.1851706,0.106570404,13.84694634
5476.8,165.8,71.5,4,2.32,52.41,289.653,8.56,55.86131266,30.1851706,0.106570404,13.84694634
5477,166,71.5,4.5,2.32,62.79,289.653,8.8,51.00744004,29.54731752,0.098713673,19.34652877
5477.2,166.2,71.6,6.4,2.32,62.57,289.51,8.51,51.00744004,29.54731752,0.098713673,19.34652877
5477.4,166.4,71.8,8.1,2.32,72.8,289.653,8.67,51.00744004,29.54731752,0.098713673,19.34652877
5477.6,166.6,71.9,4.6,2.32,65.45,289.51,8.82,51.00744004,29.54731752,0.098713673,19.34652877
5477.8,166.8,72,6.7,2.32,67.08,289.653,8.87,51.00744004,29.54731752,0.098713673,19.34652877
5478,167,72,2.4,2.32,61.97,284.51,8.59,59.0966866,30.81725397,0.12066521,9.965394228
5478.2,167.2,72.1,7.5,2.32,69.09,284.51,8.63,59.0966866,30.81725397,0.12066521,9.965394228
5478.4,167.4,72.2,6.7,2.32,68.29,284.51,8.6,59.0966866,30.81725397,0.12066521,9.965394228
5478.6,167.6,72.4,7.2,2.32,69.74,284.51,8.35,59.0966866,30.81725397,0.12066521,9.965394228
5478.8,167.8,72.5,8.5,2.31,71.43,284.51,8.35,59.0966866,30.81725397,0.12066521,9.965394228
5479,168,72.6,5.4,2.31,74.08,284.51,8.67,56.43686942,30.16348399,0.067556518,13.33209007
5479.2,168.2,72.7,6.2,2.31,76.28,284.653,8.61,56.43686942,30.16348399,0.067556518,13.33209007
5479.4,168.4,72.8,5.9,2.31,75.71,284.51,8.73,56.43686942,30.16348399,0.067556518,13.33209007
5479.6,168.6,72.9,5.6,2.31,76.94,284.653,8.7,56.43686942,30.16348399,0.067556518,13.33209007
5479.8,168.8,73,5.7,2.31,70.56,284.653,8.62,56.43686942,30.16348399,0.067556518,13.33209007
5480,169,73.1,4.6,2.31,76.46,284.653,8.84,58.16309709,22.71131056,0.114142456,19.01144989
5480.2,169.2,73.2,5.7,2.31,77.75,284.653,8.96,58.16309709,22.71131056,0.114142456,19.01144989
5480.4,169.4,73.3,6.6,2.31,72.24,284.653,8.74,58.16309709,22.71131056,0.114142456,19.01144989
5480.6,169.6,73.3,5.2,2.31,77.59,284.653,8.41,58.16309709,22.71131056,0.114142456,19.01144989
5480.8,169.8,73.5,8.3,2.31,77.08,284.51,8.68,58.16309709,22.71131056,0.114142456,19.01144989
5481,170,73.6,8.8,2.31,74.98,284.51,8.55,59.67341076,26.83084012,0.108261444,13.38748768
